,title,char_num,images_num,h1_list,h1_num,h2_list,h2_num,h3_list,h3_num,h4_list,h4_num,h5_list,h5_num,index,Keyword
0,【2022年12月】化粧水のおすすめ人気ランキング69選【徹底比較】 | mybest,60835,173,['【2022年12月】化粧水のおすすめ人気ランキング69選【徹底比較】'],1,"['検証のポイント', '化粧水の主な働きはうるおい補給！選ぶときに重視すべきポイントとは？', '保湿するだけならプチプラでもよい？デパコスを選ぶメリットはあるの？', '化粧水の選び方', '化粧水全69商品\nおすすめ人気ランキング', '売れ筋の人気化粧水全69商品を徹底比較！', '化粧水の正しい使い方とは？手とコットンどちらでつけるべき？', '拭き取り化粧水・導入化粧水・収れん化粧水との違いは？', '化粧水・乳液・クリームなどはライン使いすべき？', '高価な化粧水ほど効果は高いの？', 'マスク生活の乾燥・肌荒れケアに役立つ化粧水は？', '20代・30代・40代と年齢によって化粧水は変えるべき？', '化粧水の売れ筋ランキングもチェック！', '関連記事', '人気の記事', '人気の商品', '人気のfavlist', 'カテゴリから探す']",18,"['検証 ① 保湿力', '検証 ② 成分評価', '検証 ③ 使い心地', '① 塗布2時間後まで、肌の水分量が80%以上アップした商品を選ぼう', '② 肌の曲がり角が気になったら、年齢にあったケアができるものを選ぼう', '③ 敏感肌の人は、成分構成がシンプルかどうかをチェックしよう', 'ファンケル\nFANCLエンリッチプラス 化粧液 II しっとり', 'オルビス\nオルビスユーエッセンスローション', 'コーセー\nDECORTÉリプレニッシュ ファーム ローションER', 'ちふれ化粧品\nちふれ保湿化粧水 とてもしっとり', 'ビバリーグレンラボラトリーズ\nb.glen QuSomeローション', 'アルビオン\nALBIONフラルネ ハイドロボム', '資生堂\nELIXIRエリクシール シュペリエルリフトモイスト ローション SP III', '資生堂\nAQUA LABELアクアレーベル アクアローション', 'エトヴォス\nETVOSアルティモイストローション', 'コーセー\nONE BY KOSE ザ ウォーター メイト', 'クリスチャンディオール\nDiorカプチュールトータルセル ENGY ローション', 'カネボウ化粧品\nKANEBOオン スキン エッセンス F', 'ポーラ\nB.Aローション', 'CLARINS\nMアクティヴ トリートメント エッセンス ローション N', 'エトヴォス\nモイスチャライジングローション', '第一三共ヘルスケア\nMINON Amino Moistモイストチャージ ローションII', 'ロート製薬\n肌ラボ肌ラボ 極潤プレミアム ヒアルロン液', 'コーセー\nカルテHD モイスチュア ローション 高保湿化粧水', 'エキップ\nRMKファーストセンス ハイドレーティングローション リファインド', 'エキップ\nスックアクフォンス ハイドレイティング ローション エンリッチド', 'ドクターシーラボ\nDr.Ci LaboVC100エッセンスローションEX', '菊正宗酒造\n菊正宗日本酒の化粧水 高保湿', '花王\nCurelキュレル 潤浸保湿 化粧水 III とてもしっとり', 'ヤーマン\nONLY MINERALSNude バウンシー エッセンスローション', 'コーセー\nDECORTÉイドラクラリティ 薬用 トリートメント エッセンス ウォーター', '大正製薬\nAdryS アクティブローション', 'Candee\nReZARD TONER moist', 'FATUITE\nブライテスト リリーシングローション', '資生堂薬品\nIHADAイハダ薬用ローション', 'アクセーヌ\nモイストバランスローション', 'ロート製薬\n肌ラボ白潤プレミアム薬用浸透美白化粧水', 'ロート製薬\nObagiXシリーズリフトローション', 'LVMHフレグランスブランズ\nスキン PFCT ローション', 'アユーラ\nAYURAリズムコンセントレートウォーター', 'ディーエイチシー\nDHCプラセンタ2 ヒアルロン酸4 ウォータージェル\u3000F1', '良品計画\n無印良品化粧水\u3000敏感肌用\u3000高保湿タイプ44293959', 'イプサ\nIPSAザ\u3000タイムR アクア', 'ELC JAPAN\nCLINIQUEモイスチャー サージ ハイドレーティング ローション', 'アリエルトレーディング\nFEMMUEルミエール リファイナー', 'スタイリングライフ・ホールディングス\nBCLmomopuri潤い化粧水', 'ロート製薬\nメラノCC薬用しみ対策 美白化粧水 しっとりタイプ', 'アサヒグループ食品\n素肌しずくぷるっとしずく化粧水', 'ロレアル\nイヴ・サンローラン ピュアショット エッセンス ローション', 'カラーズ\nARGELANモイストクリア ローション エンリッチ', 'アルビオン\nALBIONフローラドリップ', 'グライド・エンタープライズ\nLuLuLunローション モイスト', '資生堂\nAQUA LABELバランスケア ローション M', 'オルビス\nORBISクリア クリアローション M\u3000しっとりタイプ', 'ヤクルト\nラクトデュウS.E.ローション', '資生堂インターナショナル\ndプログラムアクネケア ローション MB', 'イミュ\nnaturieハトムギ化粧水', 'VT COSMETICS\nVT CICA スキン', '常盤薬品工業\nSANAなめらか本舗なめらか本舗 化粧水 ＮＣ', 'マッシュビューティーラボ\nSNIDEL BEAUTYスキン コンディショニング ローション', '日本ロレアル\nLANCOMEクラリフィック デュアル エッセンス ローション', 'クラランス\nファーミング EX トリートメント エッセンス ローション', 'ONE THING\nツボクサエキス', 'ポーラ\nB.AB.A ローション イマース', '常盤薬品工業\nNOEVIRノブ Ⅲ フェイスローション R（しっとり）', 'P＆Gプレステージ\nSK-IIフェイシャル トリートメント エッセンス', 'アルビオン\nALBIONスキンコンディショナー薬用スキンコンディショナー エッセンシャルN', '日本ロレアル\nエスティ ローダー マイクロ エッセンス ローション BF', 'シロク\nN organicモイスチュア&バランシング ローション', 'コーセー\n雪肌精薬用 雪肌精 エンリッチ', 'シャネル\nル リフト ローション', 'アリエルトレーディング\nFEMMUEオードカメリア', 'ACRO\nTHREEバランシング ローション R', 'シロ\nSHIRO酒かす化粧水', ""日本ロレアル\nKIEHL'Sハーバル トナー CL アルコールフリー"", '検証① 保湿力', '検証② 成分評価', '検証③ 使い心地']",78,"['水分保持に関係する要素は、ベースの保湿成分と糖類の有無だった！', '保湿力としっとり感に相関あり。高保湿を狙うなら多少のベタつきは許容して', '美白タイプやニキビケアタイプを使いたいなら、薬用化粧水を選んで', '肌水分量が倍増！うるおいたっぷりの弾力肌を目指すならコレ', '独特の使い心地は唯一無二。美白と保湿効果が大いに期待できる', 'デパコスらしい上質な使用感。しっとりやわらかな肌に大満足', 'たっぷりの水分を与えられる。クセがない使い心地もメリット', '万人受けするシンプルな1本。高い保湿力でもっちり肌に整う', 'みずみずしさとしっとりさを両立。優れた保湿力が魅力の商品', '手に吸い付くようなモチモチ肌へ。水分量は大幅に増加した', 'みずみずしさが心地よい。乾燥肌でも満足できる優秀な保湿力', 'アミノ酸が豊富で高い保湿効果を発揮。安らぐ香りも好印象', '軽いつけ心地とうるおいを両立。季節を問わず活躍する1本', '高い保湿力が際立つ。エイジングケアシリーズらしい成分構成', '敏感肌など肌悩みを問わず使いやすい。うるおい補給も大得意', 'うるおいとツヤ両方を得られる。高級感ある香りに気分も向上', '年齢肌にもぴったりな成分構成。水分量アップも十分に狙える', 'すこやかでうるおった肌に。すっきりさわやかな香りが好印象', '肌へのやさしさは謳い文句どおり。モチモチの肌へと導く', '保湿力を存分に発揮。夕方に肌が乾燥しやすい人にもおすすめ', '敏感肌の人も使いやすい。うるおい保持に優れた肌を目指せる', '乾燥肌ケアに適した成分が充実。しっとり感にも満足できる', 'オイル配合でうるおったツヤ肌に。まろやかなつけ心地も魅力', '乾燥肌にはやや物足りないが、整肌成分を豊富に配合している', 'しっとりやわらかい肌に変化。ハリ不足が気になる人にも好適', '敏感肌向きのシンプルな処方を採用。保湿力もなかなかの実力', 'みずみずしいつけ心地で、モチっとやわらかい肌に仕上げる', '一度の使用では水分増加は見込めないが、整肌成分を豊富に含む', 'つけすぎには注意。保湿・美白・エイジングケアを同時に実現', '水分量の増加率はいまひとつだが、もっちりした使用感は好印象', 'クセのあるにおいが難点だが、保湿成分を豊富に配合している', '肌水分量の急増はなかったが、敏感肌を肌荒れから守れる', '中身を出す際は慎重に。塗布して2時間後もうるおいが持続', '年齢肌には保湿成分が不足。美白ケア・肌荒れ予防には役立つ', '独特な香りが長く残るが、年齢肌のハリ・保湿ケアには好適', 'しっとりした使用感は好印象。しかし、敏感肌には不向きか', '肌水分量の変化は小さめ。ハーブの香りで気分をリフレッシュ', 'つける量の調節は必要。幅広い世代の乾燥ケアに対応可能', 'ペタペタと肌表面に残りがち。うるおいと弾力感はまずまず', '肌水分量の大幅増加はなし。マスク生活のスキンケアには好適', '薬品系の香りが人によっては気になるが、保湿成分は充実', 'みずみずしい使い心地は良好だが、敏感肌にやや不向きな構成', 'かなり甘い桃の香りが鼻につく。やや乾燥気味な普通肌向き', 'べたつきは気になるものの、ビタミンCの美白効果には期待', 'ぷるぷるのジェルが体温でとろける。しかし保湿感は薄い', 'やわらかなハリ・ツヤ肌へ。一方エタノールの多さは気になる', 'うるおいをたっぷり補給できるが、精油の多さは評価に影響', '年齢肌のケアに幅広く役立つ。ツンとした香りはクセがある', 'しっとりやわらかな肌触りに。保湿力への満足度は肌質次第', '多様なケアが叶う1本。しかし肌のうるおいは長続きせず', '大人ニキビの予防に好適。ただしエタノールの刺激には注意', 'すこやかでやわらかい肌へ。保湿感への満足度は個人差あり', 'ニキビ予防とハリ向上を叶える。乾燥肌には力不足な印象', '肌荒れ予防効果に期待。中身がドバっと出やすいので慎重に', 'しっとりとさっぱりを両立したテクスチャ。独特な香りは難点', 'ベタつかない使い心地はよいが、水分チャージ力はいまひとつ', '植物由来成分で幅広い肌悩みに対応。香りが評価を下げた', '肌をやわらげる効果は期待。一方で肌へのやさしさには欠ける', 'とろみが強くてべたつきを残す。敏感肌の人はパッチテストを', '肌へのやさしさに欠けた。薬草のような独特の香りも懸念点', 'みずみずしい使用感はよいが、敏感肌や乾燥肌の人には不向き', 'うるおいが持続せず。持ち歩きやメイク前の使用には向かない', 'ツンとした発酵系の香りが広がる。肌水分量が減少する場合も', '独特な香りが評価を下げた。引き締め成分は敏感肌には不向き', '年齢肌に好適な成分構成。しかし、水分量の増加量はいまひとつ', '肌へのやさしさには欠ける。保湿力が体感とは一致しなかった', 'エタノールが苦手な人は注意。しっとりタイプとしては力不足', '保湿力が評価を下げた。テクスチャ・香りは好みが分かれる', 'すぐに保湿感が消えてしまう。デリケートな肌には使いにくい', '十分にうるおい補給できず、エイジング世代にはミスマッチ', '保湿力・成分評価ともに振るわず。お酒の香りが鼻につく', 'ツンとした独特な香りが気になる。肌水分量はほとんど増えず']",72,[],0,1,化粧水　おすすめ
1,化粧水のおすすめ商品・人気ランキング｜美容・化粧品情報はアットコスメ,6742,73,['化粧水 おすすめ商品・人気ランキング'],1,['化粧水'],1,['最新クチコミランキング'],1,"['リポソーム アドバンスト リペアセラム', 'ジェニフィック アドバンスト N', 'ザ・タイムR アクア', 'フェイシャル トリートメント エッセンス', 'リフトモイスト ローション ＳＰ II', 'タカミスキンピール', 'ディープモイスチャースプレー', 'Wトリートメントオイル', 'オルビスユー エッセンスローション', 'イドラクラリティ 薬用 トリートメント エッセンス ウォーター']",10,[],0,2,化粧水　おすすめ
2,本当にいいおすすめ人気化粧水15選！デパコスレベルのプチプラも！│ビューティー123,11325,32,['本当にいいおすすめ人気化粧水15選！デパコスレベルのプチプラも！'],1,"['化粧水の3つの選び方', '人気化粧水15種類比較一覧', 'おすすめの人気化粧水11選', '化粧水の効果的な使い方3つのポイント', 'まとめ', 'カテゴリー', '新着記事一覧']",7,"['肌質にあった化粧水を選ぶ', '年代から選ぶ', '化粧水の種類から選ぶ', '1. オルビスユー ローション', '2. ビーグレン', '3. ディセンシア サエル 薬用美白化粧水', '4. アクセーヌ モイストバランス ローション', '5. ファンケル 無添加エンリッチプラス', '6. KOSE 米肌 肌潤 美白化粧水', '7. ビバリーグレンラボラトリーズ QuSomeローション', '8. アユーラ バランシングプライマー センシティブ EX', '9. イプサ ザ・タイムR アクア', '10. ドクターシーラボ VC100エッセンスローションEX', '11.ランコム クラリフィック デュアル エッセンス ローション', '適量を手に取る', '5点置きをして均等に内側から外側に広げる', '首やデコルテにもしっかりと塗る', '防風通聖散が肝臓に悪い？肝機能障害を引き起こした2つの実例付きで解説！', '防風通聖散の効果を解説！向いている人と向いていない人の違いは？', '新・ロート防風通聖散錠満量の口コミと市販の防風通聖散10商品との違い比較！', '北日本製薬防風通聖散料エキス錠至聖の口コミと市販防風通聖散10商品の違い比較！', 'ツムラ漢方62防風通聖散エキス顆粒の口コミと市販防風通聖散10商品との違い比較！']",22,[],0,[],0,3,化粧水　おすすめ
3,スキンケアの定番《ハトムギ化粧水》！基本の使い方から意外なおすすめ活用法も掲載！ | RAXY(ラクシー),3995,60,[],0,"['スキンケアの定番《ハトムギ化粧水》！基本の使い方から意外なおすすめ活用法も掲載！', 'CATEGORY\nカテゴリ', 'WRITERS\nオフィシャルライター', 'RANKING\n記事ランキング']",4,"['プチプラで大人気！ハトムギ化粧水の魅力を解説', '人気の秘密は配合成分にあり！ハトムギエキスが美容によい理由', '[2022.11.15発売] ETVOS （エトヴォス）より年齢に負けないハリのある肌へと導く「薬用 リンクルセラム」が登場！', '[2022.10.1発売] 韓国コスメブランドTheBOIBOY（ザ・ボーイボーイ）より理想の肌を叶える高品質なシートマスクが登場！', '脂性肌さんにおすすめの化粧水10選！選び方のポイントとスキンケア方法も要チェック', 'RAXY Style 編集部', 'shimmy', 'みやしたさやか', '《TIRTIR》クッションファンデ比較！赤・ピンク・黒のカバー力や特徴を徹底調査', '【TIRTIR】クッションファンデの色の選び方は？魅力や仕上がり感も注目！', '【100均】で楽しめるセルフジェルネイルのやり方！必要なものから簡単デザインまで', '【自宅で簡単】ジェルネイルの落とし方講座！綺麗にオフする手順や注意すべき点は？', 'アイラインの引き方をマスターしよう！【初心者】でも上手く引くコツ教えます', 'まつ毛パーマ前はどこまでメイクしていいの？施術後に気をつける注意点と化粧の仕方とは', '髪の毛の静電気、対処法ってあるの？簡単にできるスタイリングとおすすめケアアイテム', '《イエベ秋必見》おすすめの髪色×髪型10選！自分にぴったりの組み合わせを見つけよう', '【奥二重さん必見】アイシャドウの塗り方まとめ。腫れぼったくならないコツをレクチャー', '【きれいなマニキュアの塗り方】基本のキ！初心者が押さえるべき手順とコツを解説！', '', '', '', '', '', '', '', '', '', '']",28,"['【魅力1】肌にしっかり潤いを届ける', '【魅力2】さっぱりとした使用感でメンズにも人気', '【魅力3】大容量だからファミリーでも使える', '【魅力4】余計なものは配合していないシンプル処方', '【魅力5】ハトムギ化粧水は芸能人も愛用', 'ハトムギエキスってどんな成分？', 'ハトムギエキスはアミノ酸を豊富に含んでいる', '乾燥が気になる肌におすすめ', 'この記事を書いた人', 'RELATED TOPICS\n関連記事']",10,['南コウ'],1,4,化粧水　おすすめ
4,化粧水は素手よりコットンを使う方がいい？それぞれのメリット・デメリットを解説！ | RAXY(ラクシー),3779,59,[],0,"['化粧水は素手よりコットンを使う方がいい？それぞれのメリット・デメリットを解説！', 'CATEGORY\nカテゴリ', 'WRITERS\nオフィシャルライター', 'RANKING\n記事ランキング']",4,"['化粧水を塗るのは手とコットンどっちがいい？', '素手で化粧水を塗るメリット・デメリット', '小顔が叶う顔体操を伝授！むくみなどを解消して引き締まったフェイスラインに！', 'マシュマロ肌を作る秘訣は？日頃からできるスキンケアや生活習慣を身につけよう', '超定番！クリニークの化粧水＆優秀コットンをご紹介。選び方や使い方もチェック！', 'RAXY Style 編集部', 'shimmy', 'みやしたさやか', '《TIRTIR》クッションファンデ比較！赤・ピンク・黒のカバー力や特徴を徹底調査', '【TIRTIR】クッションファンデの色の選び方は？魅力や仕上がり感も注目！', '【100均】で楽しめるセルフジェルネイルのやり方！必要なものから簡単デザインまで', '【自宅で簡単】ジェルネイルの落とし方講座！綺麗にオフする手順や注意すべき点は？', 'アイラインの引き方をマスターしよう！【初心者】でも上手く引くコツ教えます', 'まつ毛パーマ前はどこまでメイクしていいの？施術後に気をつける注意点と化粧の仕方とは', '髪の毛の静電気、対処法ってあるの？簡単にできるスタイリングとおすすめケアアイテム', '《イエベ秋必見》おすすめの髪色×髪型10選！自分にぴったりの組み合わせを見つけよう', '【奥二重さん必見】アイシャドウの塗り方まとめ。腫れぼったくならないコツをレクチャー', '【きれいなマニキュアの塗り方】基本のキ！初心者が押さえるべき手順とコツを解説！', '', '', '', '', '', '', '', '', '', '']",28,"['それぞれにメリット・デメリットがある', 'こだわりが無いならコットンがおすすめ', '素手のメリット（1）肌との摩擦が生まれにくい', '素手のメリット（2）化粧水が無駄になりにくい', '素手のメリット（3）時短できる', '素手のデメリット（1）塗り方にムラができる', '素手のデメリット（2）細かい部分に届きにくい', 'この記事を書いた人', 'RELATED TOPICS\n関連記事']",9,['RAXY Style 編集部'],1,5,化粧水　おすすめ
5,スキンケアの超基本。化粧水と乳液を極める！今さら聞けない効果的な使い方Q&A｜【公式】SOLIA SHOP,7733,56,['スキンケアの超基本。化粧水と乳液を極める！\n今さら聞けない効果的な使い方Q&A'],1,"['化粧水と乳液は役割が違うため、どちらも大切です', '永遠のテーマ！\n化粧水と乳液は「ライン使い」すべき？', '化粧水と乳液、どう選べばいい？\n自分の肌におすすめのものが知りたい！', '意外と知らない・皆が気になる\n化粧水と乳液の効果的な使い方Q&A！', 'Pick up Item', '関連記事', '']",7,"['化粧水と乳液の役割と違い', '肌状態や目的に合っていれば、\n洗顔後のスキンケアは化粧水と乳液だけでOK', '訴求成分を効率的に補給でき、相乗効果が期待できます', '美容液やクリームはライン使いにこだわらなくてOK', 'ポイント1．とにかくしっかり保湿できるものを', 'ポイント2．化粧水のテクスチャは好みが大きく分かれます', 'ポイント3．美白やニキビ、特定の肌悩みを集中ケアしたい場合は', 'Q．化粧水と乳液の使う順番は？', 'Q．化粧水をつけた後、乳液をつけるまで時間はどれぐらいあけるべき？', 'Q．化粧水と乳液は混ぜて使っていい？', 'Q．手とコットンどちらで使うのがいい？', 'Q．いっぱいつけるとより効果的？ 何度塗りが最適？', 'Q．冷蔵庫で冷やすといいって本当？']",13,"['', 'こんなお悩みにも', '成分をチェックするときは、この保湿成分がおすすめです！', 'こんな人はぜひチェック', 'こんなお悩みにも', '【肌悩み別】化粧水・乳液の特徴', '一般的なスキンケア～メイクの順番', 'SOLIA SHOPブランド一覧']",8,[],0,6,化粧水　おすすめ
6,化粧水を使う適切なタイミングは？今さら聞けないスキンケアの基本 | メルヴィータ コラム,4803,22,['化粧水を使う適切なタイミングは？今さら聞けないスキンケアの基本'],1,"['そもそも化粧水の役割とは？', '化粧水を使うタイミングとは', '化粧水の適切なつけ方', '化粧水の浸透を高めるブースターオイル', '化粧水のポイントを押さえてうるおい補給', '関連製品', 'フラワーブーケ ローズ EXトナー100ML', 'フラワーブーケ リリー フェイストナー100ML', 'おすすめ記事']",9,"['美容液の使い方を覚えておこう！適切な順番や使用方法のポイントは？', '乳液の使い方のコツは？適切なタイミングやポイントを紹介', 'クリアな素肌作りに役立つ！拭き取り化粧水の使い方']",3,[''],1,[],0,7,化粧水　おすすめ
7,@cosme公式通販 化粧水のおすすめ売れ筋人気ランキング / @cosme SHOPPING,6066,73,"['', '化粧水のおすすめ売れ筋人気ランキング']",2,"['ザ・タイムR アクア / 200ml / 単体', 'イドラクラリティ 薬用 トリートメント エッセンス ウォーター / 本体', '【1/20 10時～先行予約】フィックス メイクアップ C / 50mL', 'このカテゴリの人気ブランドから探す']",4,[],0,[],0,[],0,8,化粧水　おすすめ
8,【人気のおすすめ化粧水36選】読者746人が本気で選んだ本当にいい化粧水とは？ - OZmall,43903,2203,['【人気のおすすめ化粧水36選】読者746人が本気で選んだ本当にいい化粧水とは？'],1,"['Topics', '本記事の検証基準について', '美容のプロに聞いた本当にいい化粧水の選び方', '目次', '今月のピックアップアイテム（PR）', '1.化粧水の役割や効果とは？', '2．読者が選んだおすすめ化粧水36選', '2-1.特に人気の高かったおすすめ化粧水17選', '2-2.その他回答があったおすすめ化粧水19選', '【1分で肌診断】あなたの肌は何タイプ？', '敏感肌の特徴とおすすめのアイテム3選', '乾燥肌の特徴とおすすめのアイテム3選', '普通肌の特徴とおすすめのアイテム3選', '混合肌の特徴とおすすめのアイテム3選', '脂性肌の特徴とおすすめのアイテム3選', '3．化粧水の選び方', '3-1．肌タイプで選ぶ', '3-2.ニキビやシミなどの肌悩みで選ぶ', '専門家のアドバイス', '3-3．年代から選ぶ', '3-4.テクスチャで選ぶ', '3-5.\u3000種類から選ぶ', '4.\u3000OZmall読者に聞いた！みんなの化粧水事情', '5．化粧水の正しい使い方', '6．OZmall読者の疑問を解決！化粧水・スキンケアに関するQ&A', 'この記事に登場する監修者', 'この記事に登場する専門家', '【化粧水】関連記事', '【ニキビ】関連記事', '【年代別／化粧水】関連記事', '【商品別／化粧水】関連記事', '【肌質別／化粧水】関連記事', '自分にぴったりの化粧水が見つかる！読者746人が選んだ【本当にいい化粧水35選】を紹介', '関連キーワード', 'みんなの体験コメント\n体験コメントとは']",35,"['検証ポイント①：肌なじみ', '検証ポイント②：コストパフォーマンス', '検証ポイント③：使いやすさ', '検証ポイント④：人気度', '', '', 'ライスフォース プレミアムトライアルセット', 'ハイドレイティング ウォーターエッセンス + スターターキットＲ', 'ディセンシアトライアルセットO/L', 'オルビスユー 7日間体験セット', '無添加エンリッチプラス シワ改善1カ月集中セット', 'ディセンシアトライアルセットO/L', 'ライスフォース プレミアムトライアルセット', 'エリクシール シュペリエル リフトモイスト トライアルセット SP Ⅱ', 'フェイシャルトリートメントエッセンス', '化粧水 敏感肌用 高保湿タイプ', 'ハイドレイティング ウォーターエッセンス + スターターキットＲ（PR）', '薬用 雪肌精', '化粧水 敏感肌用 しっとりタイプ', 'VC100エッセンスローションEX', '肌ラボ 極潤ヒアルロン液', '化粧水 とてもしっとりタイプ', 'クラリファイングローション 2', '潤浸保湿 化粧水 III とてもしっとり', 'ザ・タイムR アクア', '薬用スキンコンディショナー エッセンシャル N', 'ハトムギ化粧水', 'フローラドリップ', 'オルビス ユードット7日間体験セット', 'B.A ベーシック キット', 'モイストバランスローション', 'アクアレーベル アクアローション', 'エリクシール ホワイト クリアローション T', '無添加ホワイトニング 薬用美白1カ月集中セット', 'IHADA 薬用ローション', '薬用クリアフル トライアルセット', 'モイストケア ローション MB', 'クラリフィック デュアル エッセンス ローション', '薬用マイルドローション（M）', 'アスタリフトモイストローション', 'メラノCC 薬用しみ対策 美白化粧水', 'イドラクラリティ 薬用 トリートメント エッセンス ウォーター', 'リセットクリア N', 'ディープモイスチャーローション', 'アルティモイストローション', 'モイスチャーハーバルウォーター', 'スキンメインテナイザー〈M〉', 'オルビスユー 7日間体験セット', '潤浸保湿 化粧水 III とてもしっとり', '薬用スキンコンディショナー エッセンシャル N', 'フェイシャルトリートメントエッセンス', '化粧水 敏感肌用 高保湿タイプ', '薬用 雪肌精', 'エリクシール シュペリエル リフトモイスト トライアルセット SP Ⅱ', 'オルビスユー 7日間体験セット', 'ハトムギ化粧水', '無添加エンリッチプラス', 'オルビスユー 7日間体験セット', 'ハトムギ化粧水', 'オルビスユードット7日間体験セット', 'IHADA 薬用ローション', 'モイストバランスローション', '敏感肌の特徴', '乾燥肌の特徴', '混合肌の特徴', '普通肌の特徴', '脂性肌の特徴', 'ニキビや肌荒れ', 'シミ・くすみ', 'シワ・たるみ・毛穴の開き', '', '', '10代', '20代', '30代', '40代', '50代', '一般的な化粧水（柔軟・保湿）', '収れん化粧水', '拭き取り化粧水', '美白化粧水', 'ニキビ化粧水', '化粧水を選ぶ特に重視していることは？', '化粧水を買うときの予算は？', '化粧水はどこで買うことが多い？', 'コットンを使う場合', '手でつける場合', '日本メイクアップ技術検定協会\u3000芦田貴子', '日本メイクアップ技術検定協会\u3000戸田愛里沙', '日比谷ヒフ科クリニック\u3000総院長増岡 宏昭さん', '', '', '', '', '']",95,"['', 'ライスフォース内、最高峰のエイジングケア（※1）。「ライスパワー®No.11α」で本格的な年齢肌対策を', 'ジュリークを代表する高保湿化粧水のハーフサイズと、人気のクレンジング＆洗顔が試せるキット', '「角層を整えるケア」が美しさを育む。原点に立ち返るディセンシアのスキンケア', '潤いを角層に浸透させてハリツヤ肌へ！洗顔料とモイスチャーも含むトライアルセット', 'よかった口コミをもっと見る', '体験レビュー', '専門家のアドバイス', '有効成分「ナイアシンアミド」配合でシワを改善。さらに3つの保湿成分で弾力のある肌へ', 'よかった口コミをもっと見る', '体験レビュー', '専門家のアドバイス', '「角層を整えるケア」が美しさを育む。原点に立ち返るディセンシアのスキンケア', 'ライスフォース内、最高峰のエイジングケア（※1）。「ライスパワー®No.11α」で本格的な年齢肌対策を', 'ハリと潤いにアプローチする新たな美容成分を配合。均一な潤いで「つや玉」のある肌へ', 'よかった口コミをもっと見る', '体験レビュー', '専門家のアドバイス', 'さらりと肌になじむテクスチャー。べたつかないがしっとり感がある', 'よかった口コミをもっと見る', '体験レビュー', '専門家のアドバイス', '肌トラブルが気になる季節の変わり目に！保湿成分「リピジュアR」が肌を健やかに整える', 'よかった口コミをもっと見る', '体験レビュー', 'ジュリークを代表する高保湿化粧水のハーフサイズと、人気のクレンジング＆洗顔が試せるキット', '肌に潤いを与えて乾燥くすみにもアプローチするロングセラー化粧水', 'よかった口コミをもっと見る', '体験レビュー', '乾燥しがちな肌をしっとり潤す。リーズナブルで一年中使える化粧水', 'よかった口コミをもっと見る', '体験レビュー', 'ビタミンCが角層のすみずみまで浸透。潤いに満ちたハリ肌へ', 'よかった口コミをもっと見る', '体験レビュー', '4種類のヒアルロン酸配合！とろみのあるテクスチャーでもっちり肌へ', 'よかった口コミをもっと見る', '体験レビュー', '専門家のアドバイス', 'とろりとしたテクスチャーで、肌を潤いで満たす', 'よかった口コミをもっと見る', '体験レビュー', 'ふき取りタイプで古い角質をオフして、潤い肌の土台を作る', 'よかった口コミをもっと見る', '体験レビュー', '肌荒れを防いで潤いを守る。乾燥などによる肌トラブルにも', 'よかった口コミをもっと見る', '体験レビュー', '肌荒れを防ぐ有効成分を配合。肌を整えて健やかな肌に', 'よかった口コミをもっと見る', '体験レビュー', '保湿成分「ハトムギエキス」が潤いをチャージ！多くの支持を集めるロングセラー化粧水', 'よかった口コミをもっと見る', '体験レビュー', '保湿成分「ハトムギエキス」配合で肌に潤いを与える', 'よかった口コミをもっと見る', '体験レビュー', '濃厚で芳醇な一滴が、肌を開花させる化粧液', 'よかった口コミをもっと見る', '独自の複合成分「GLルートブースター」配合。ハリのある肌へと導く', 'よかった口コミをもっと見る', '体験レビュー', '肌なじみがいいとろみのあるテクスチャー。角層まで潤いを届ける', 'よかった口コミをもっと見る', '角層のすみずみまで潤いで満たす、敏感肌想いの処方', 'よかった口コミをもっと見る', '体験レビュー', '日本生まれの植物や水にこだわり、届けたい潤いを肌にチャージ', 'よかった口コミをもっと見る', '体験レビュー', 'しっとり感はあるがべたつきはなく、浸透力を体感できる', 'よかった口コミをもっと見る', '体験レビュー', '美白有効成分「アクティブビタミンC」を配合。シミの原因にアプローチ', 'よかった口コミをもっと見る', '体験レビュー', '肌荒れとニキビを予防。敏感肌のことを考えた処方', 'よかった口コミをもっと見る', '体験レビュー', 'ゆらぎがちな肌を潤いで満たし、ニキビや肌荒れを防ぐ', 'よかった口コミをもっと見る', '体験レビュー', '美肌菌に着目。敏感肌にやさしく寄り添う保湿化粧水', 'よかった口コミをもっと見る', '体験レビュー', '酵素に着目した2層のエッセンスローション。フレッシュに輝く肌へ', 'よかった口コミをもっと見る', 'ビタミンが豊富な植物エキスを配合。肌のキメを整える', 'よかった口コミをもっと見る', '体験レビュー', '豊富な潤い成分で、しっとり・もっちりとした肌触りに', 'よかった口コミをもっと見る', '美白（※）有効成分と保湿成分を配合。肌荒れを防ぎ、健やかな肌へ', 'よかった口コミをもっと見る', '体験レビュー', '「美肌糖」を配合。肌荒れ・ニキビを防ぎ、かさつきや乾燥毛穴の目立ちを対策', 'よかった口コミをもっと見る', '美の妨げになる古い角質や過剰な皮脂を、とろみ液ですっきりオフ', 'よかった口コミをもっと見る', '「ヒアルロン酸」などの保湿成分をたっぷり配合。乾燥が気になる人に使いやすい', 'よかった口コミをもっと見る', '敏感肌に配慮しつつも、今より美しくなるための成分や処方が満載', 'よかった口コミをもっと見る', '3種のヒト型セラミドが潤いをプラス！バリア機能を高めて外部刺激から守る', 'よかった口コミをもっと見る', 'カウンセリングによって、14種類から最適な1本をセレクト。年齢肌にハリをプラス', 'よかった口コミをもっと見る', '角層全体に水を巡らせ、健やかでゆらぎにくい肌を育む', 'よかった口コミをもっと見る', '有効成分「アラントイン」配合で、繰り返しがちな肌トラブルを防ぐ', 'よかった口コミをもっと見る', '季節や環境の影響を受けにくい、健やかな肌コンディションに整える', 'よかった口コミをもっと見る', '肌が本来持つ天然保湿因子「NMF」をサポートし、ハリとツヤのある健やかな素肌を育む', 'よかった口コミをもっと見る', '穏やかな使用感でしっかり潤う。コスパの高さも魅力', 'よかった口コミをもっと見る', '和漢植物エキスが肌のキメを整え、透明感のある素肌に導く', 'よかった口コミをもっと見る', 'ハリと潤いにアプローチする新たな美容成分を配合。均一な潤いで「つや玉」のある肌へ', 'よかった口コミをもっと見る', '「キーポリンブースター」が角層全体に水を巡らせ、肌の自活をサポート', 'よかった口コミをもっと見る', '「ハトムギエキス」が乾燥ダメージをケア。ボディのスキンケアにもおすすめ', 'よかった口コミをもっと見る', '有効成分「ナイアシンアミド」がシワを目立たなくし、明るい印象の肌に導く', 'よかった口コミをもっと見る', '角層全体に潤いを巡らせ、肌のセルフコントロールをサポート', 'よかった口コミをもっと見る', '「ハトムギエキス」が角層深部まで浸透保湿。たっぷり使える大容量も魅力', 'よかった口コミをもっと見る', '複合成分「GLルートブースター」が水分と油分のバランスを整え、健やかな肌を保つ', '水分バランスの乱れた肌環境をサポートし、健やかな素肌を育む', 'よかった口コミをもっと見る', '「超微細ナノカプセル化セラミド」配合で、みずみずしい潤いが持続する', 'よかった口コミをもっと見る']",136,"['良かった点', '改善してほしい点', '', '', '', '', '', '良かった点', '改善して欲しい点', '', '良かった点', '改善してほしい点', '', '', '', '', '', '良かった点', '改善してほしい点', '', '', '', '', '', '良かった点', '改善してほしい点', '', '', '', '', '良かった点', '改善してほしい点', '', '', '', '', '良かった点', '改善してほしい点', '', '', '', '', '良かった点', '改善してほしい点', '', '', '', '', '良かった点', '改善してほしい点', '', '', '', '', '', '良かった点', '改善してほしい点', '', '', '良かった点', '改善してほしい点', '', '', '', '', '良かった点', '改善してほしい点', '', '', '', '', '良かった点', '改善してほしい点', '', '', '', '', '良かった点', '改善してほしい点', '', '', '良かった点', '改善してほしい点', '', '', '', '', '良かった点', '改善して欲しい点', '良かった点', '改善してほしい点', '', '', '良かった点', '改善して欲しい点', '良かった点', '改善してほしい点', '', '', '', '', '良かった点', '改善してほしい点', '', '', '', '', '良かった点', '改善してほしい点', '', '', '良かった点', '改善してほしい点', '', '', '良かった点', '改善してほしい点', '', '', '', '', '良かった点', '改善してほしい点', '', '', '', '', '良かった点', '改善してほしい点', '', '', '', '']",133,9,化粧水　おすすめ
9,40代におすすめの化粧水20選！ベストコスメランキング常連の実力は？ - Beauty by au Webポータル,16711,161,"['', '40代におすすめの化粧水20選！ベストコスメランキング常連の実力は？']",2,"['', 'CONTENTS', '1．40代で起こる肌の変化には化粧水でのケアが大切！', '2．40代におすすめの化粧水の選び方は？実際に使って徹底検証', '3．40代におすすめ化粧水20選！美容のプロが厳選', '4．40代のための美肌を叶える化粧水の使い方', '5．40代の化粧水に関する疑問解消Q&A', '6．まとめ', 'RELATED', 'POPULAR']",10,"['', '', '', '', '40代に起こりやすい肌悩みの種類をアンケート調査！', '①実際に40代が使っているアイテムをアンケート調査', '②肌悩みに合った成分を美容のプロが徹底分析', '③実際の使用感を編集部が徹底比較', 'アテニア\nドレススノーローション', 'オルビス\nオルビス ユードット ローション', 'ファンケル\nエンリッチプラス 化粧水 Ⅱ しっとり', 'ビーグレン\nQuSomeローション', 'エトヴォス\nアルティモイストローション', 'ディセンシア \nディセンシア ローション', 'HAKU\nアクティブメラノリリーサー', '菊正宗\n日本酒の化粧水 高保湿', 'キュレル\n美白ケア 化粧水 III とてもしっとり', 'ちふれ\n美白化粧水W', 'トランシーノ\n薬用ホワイトニングクリアローションEX', 'ドクターシーラボ\nVC100エッセンスローションEX', 'セザンヌ\nスキンコンディショナー高保湿', '無印良品\nエイジングケア化粧水 高保湿タイプ', 'コスメデコルテ\nAQ ホワイトニング ローション', 'エリクシール\nホワイト クリアローション T', '肌ラボ\n極潤 薬用ハリ化粧水', 'ドクターケイ\n薬用Cクリアホワイトローション', 'ゼトックスタイル\nリセプトスキン プレミアム化粧水', 'アクアレーベル\nバウンシングケア ローション M', 'Q1．40代だとプチプラアイテムは使わないほうがいい？', 'Q2．スキンケアアイテムは同じラインで揃えたほうがいい？']",30,[],0,[],0,10,化粧水　おすすめ
10,30代におすすめの化粧水ランキング15選｜最新の人気ブランドを徹底比較 - CUSTOMLIFE(カスタムライフ),8624,56,['30代におすすめの化粧水ランキング15選｜最新の人気ブランドを徹底比較'],1,"[' ', ' ', ' ', ' ', 'Outline', '1．30代の肌に合う化粧水の選び方', '2．30代におすすめの化粧水人気ランキングTOP3', '3．特徴別｜30代におすすめの化粧水12選', '4．30代からの正しいスキンケア方法', '5．まとめ', 'この記事をシェアする', '関連記事']",12,"['①高保湿成分配合のものを選ぶ', '②肌悩みに合う成分配合のものを選ぶ', '1位 アテニア\nドレススノー ローション', '2位 IPSA\nザ・タイムR アクア', '3位 ファンケル\nエンリッチプラス化粧液 II しっとり', '3-1．プチプラでもデパコス並みに優秀な化粧水', 'ZETTOC STYLE\nリセプトスキン プレミアム化粧水', '菊正宗\n日本酒の化粧水 高保湿', '美容原液プレミアム\n超潤化粧水AP', '3-2．毛穴・大人ニキビ対策におすすめの化粧水', 'FANCL\nアクネケア 化粧液', '肌美精\n大人のニキビ対策 薬用美白化粧水', 'ナチュリエ\nハトムギ化粧水', '3-3．シミ・美白対策におすすめの化粧水', 'エリクシールホワイト\nクリアローション TⅡ', 'キュレル\n美白化粧水', 'ちふれ\n美白化粧水 W しっとりタイプ', '3-4．敏感肌におすすめの優しい使い心地の化粧水', 'SK-II\nフェイシャル トリートメント エッセンス', '無印良品\n化粧水・敏感肌用・高保湿タイプ', 'LITS\nモイスト ローション']",21,['◆肌悩み別のおすすめ美容成分'],1,[],0,11,化粧水　おすすめ
11,化粧水おすすめ人気ランキング47選！プチプラからデパコスまで口コミも紹介！,40632,132,['化粧水おすすめ人気ランキング47選！プチプラからデパコスまで口コミも紹介！'],1,"['化粧水の役割とは？スキンケアに必須のアイテム', '化粧水のおすすめの選び方｜肌悩みを解決するために', '化粧水おすすめ人気ランキング｜高保湿美白化粧水も紹介！', '化粧水おすすめランキング【20代のニキビ肌向け】', '化粧水おすすめランキング【20代の毛穴悩み向け】', '化粧水おすすめランキング【20代の乾燥肌向け】', '化粧水おすすめランキング【30代の毛穴悩み向け】', '化粧水おすすめランキング【30代のシミ悩み向け】', '化粧水おすすめランキング【30代のニキビ肌向け】', '化粧水おすすめランキング【40代のシミ悩み向け】', '化粧水おすすめランキング【40代のしわ悩み向け】', '化粧水おすすめランキング【40代の毛穴悩み向け】', '化粧水おすすめランキング【50代のシミの悩み向け】', '化粧水おすすめランキング【50代のしわ・エイジング悩み向け】', '化粧水おすすめランキング【プチプラ】', '化粧水おすすめランキング【デパコス】', '化粧水のおすすめ詰め替えボトル3選【番外編】', '化粧水の正しい使い方解説｜効果アップも！', '化粧水にプラスして肌悩みを改善する日常ケア', '化粧水に関するよくある疑問', '化粧水おすすめのまとめ']",21,"['化粧水の役割1｜保湿できる', '化粧水の役割2｜化粧品の使用感を高める', '化粧水の役割3｜肌トラブルを防げる', '化粧水の役割4｜エイジングケアできる', '化粧水のおすすめの選び方｜肌悩み×年代で選んでハリケアや保湿力を確認', '化粧水選びは肌質を考慮するのも大事', '第1位：オルビス｜オルビスユーエッセンス ローション', '第2位：イプサ｜ザ・タイムR アクア', '第3位：アルビオン｜薬用スキンコンディショナー エッセンシャル', '第4位：AYURA（アユーラ）｜リズムコンセントレートウォーター', '第5位：ナチュリエ｜ハトムギ化粧水', '第1位：オルビス｜クリアフルローション', '第2位：キュレル｜ローション', '第3位：ファンケル｜アクネケア 化粧液', '第1位：イハダ 薬用ローション しっとり', '第2位：ピエールファーブルジャポン｜アベンヌ ウォーター', '第3位：ファンケル｜モイストリファイン 化粧液 I さっぱり', '第1位：エージェンダー｜コンディショニング リキッド', '第2位：ジャパン・オーガニック｜do natural ハイドレーティング ローション', '第3位：エトヴォス｜モイスチャライジングローション', '第4位：オルビス｜アクアフォースローション', '第1位：ナリス化粧品｜ルクエ ふきとり化粧水', '第2位：ONE BY KOSE｜バランシングチューナー', '第3位：デリズムアドバンスト｜ディープモイスト ローション', '第1位：VC100エッセンスローションEX', '第2位：ビーグレン｜QuSomeローション', '第3位：肌ラボ｜白潤プレミアム 薬用浸透美白化粧水しっとり', '第1位：ノブ｜ＡＣアクティブ フェイスローション モイスト', '第2位：雪肌精｜薬用 雪肌精', '第3位：エトヴォス｜薬用アクネVCローション I', '第1位：小林製薬｜ケシミン浸透化粧水 しっとりもちもち肌', '第2位：ディセンシア｜デイ エッセンス', '第3位：ロート｜メラノCC 薬用しみ対策 美白化粧水', '第1位：アクセーヌ｜モイストバランス ローション', '第2位：資生堂｜エリクシール シュペリエル リフトモイスト ローションSP Ⅰ･Ⅱ･Ⅲ', '第3位：アスタリフト｜モイストローション', '第4位：ファンケル｜エンリッチ化粧液 II しっとり', '第1位：ドクターケイ｜薬用Cクリアホワイトローション', '第2位：ランコム｜クラリフィック デュアル エッセンス ローション', '第3位：コーセー｜米肌 肌潤化粧水', '第1位：SHISEIDO バイタルパーフェクション｜ホワイトRV ソフナー', '第2位：WHITH WHITE 化粧水', '第3位：マイナ｜maina 化粧水', '第1位：SK-II｜フェイシャル トリートメント エッセンス', '第2位：アルビオン｜フローラドリップ', '第3位：ディセンシア｜アヤナスリンクルO／L コンセントレート', '第1位：肌ラボ｜極潤 ヒアルロン液', '第2位：菊正宗｜日本酒の化粧水', '第3位：無印良品｜化粧水・敏感肌用・さっぱりタイプ', '第4位：透明白肌｜ホワイトローション', '第1位：ポーラ｜B.A ローション', '第2位：CLARINS（クラランス）｜フィックス メイクアップ', '第3位：コスメデコルテ｜コンフォートデイミスト セット&プロテクト', 'Uervoton トラベルボトル 6本セット', 'Uervoton トラベルボトル 小分けボトル 6個セット', 'ゴールドCAP化粧水ガラスボトル100ml 2個セット', '化粧水の正しい使い方｜手のひらとコットン、どっちで付けるのが良い？', '化粧水はしっかりハンドプレスした方が良い？', '化粧水以外でできる肌ケア｜そもそも肌荒れの原因は何？', '化粧水以外でできる肌ケア｜タオルなど肌に触れるものを清潔にする', '化粧水以外でできる肌ケア｜紫外線対策は大切', '化粧水以外でできる肌ケア｜栄養バランスのとれた食生活', '化粧水以外で出来る肌ケア｜睡眠の質を向上させる', '化粧水以外でできる肌ケア｜適度に運動する', '化粧水にみんないくら使ってる？', '安い化粧水はだめなの？', '化粧水と乳液の順番ってどっちが先？', '顔のシミを消す方法を解説！シミ顔は皮膚科治療で簡単に治せる？【2023年最新】', 'シミ消しクリームおすすめ人気ランキング13選｜市販・プチプラの商品は効果あり？', '【23年最新】クレンジングおすすめ人気13選！市販でも買えるプチプラも紹介！']",70,"['化粧水のおすすめの選び方｜20代の化粧水選び', 'おすすめ化粧水の成分｜20代', '化粧水のおすすめの選び方｜30代の化粧水選び', 'おすすめ化粧水の成分｜30代', '化粧水のおすすめの選び方｜40代の化粧水選び', 'おすすめ化粧水の成分｜40代', '化粧水のおすすめの選び方｜50代の化粧水選び', 'おすすめ化粧水の成分｜50代', '化粧水選び｜乾燥肌は高保湿の化粧水を', '化粧水選び｜脂性肌は肌の引き締め成分を確認しよう', '化粧水選び｜敏感肌は無添加やバリア機能を重視！', '化粧水選び｜混合肌は水分と保湿！おすすめはコラーゲンとヒアルロン酸', '化粧水の正しい使い方｜1.手のひらでの使い方', '化粧水の正しい使い方｜2.コットンでの使い方', '日焼け止めを塗る', 'UV対策グッズを使う', '起床後に朝日を浴びる', '紫外線が強い時間帯に外出しない', 'ソラレンが含まれる食品は夜に食べる', '寝る1時間前からはスマホやパソコンを見ない', '部屋を暗くする', 'ぬるめのお湯にゆっくりつかる']",22,[],0,12,化粧水　おすすめ
12,【化粧水おすすめ人気ランキング50選】プチプラからデパコスまで肌悩み別に紹介！【美容のきほん】｜美容メディアVOCE（ヴォーチェ）,18515,73,['【化粧水おすすめ人気ランキング50選】プチプラからデパコスまで肌悩み別に紹介！'],1,"['化粧水の効果や役割は？', '化粧水の選び方', 'VOCEベストコスメ受賞！\u3000おすすめ化粧水5選', '化粧水の使い方', 'まとめ', 'You May Also Like...\nあなたにおすすめの記事', 'Brand News\nVOCEタイアップ', 'Serial Stories\n連載・シリーズ', 'Trend Tags\nいまみんなが見ているタグ', 'Cosmetics Ranking\n月間コスメランキング']",10,"['【有名皮膚科医・監修】真実！の肌タイプ診断', '【成分】乾燥肌や敏感肌、ニキビなどの肌悩みに合わせて', '【医薬部外品】シミやニキビなどでお悩みの方は有効成分に注目！', '【使用感】「さっぱり」や「しっとり」など、肌質や好みに合わせて', '化粧水おすすめ人気ランキング5選【乾燥肌向け】', '化粧水おすすめ人気ランキング5選【脂性肌向け】', '化粧水おすすめ人気ランキング5選【混合肌向け】', '化粧水おすすめ人気ランキング5選【敏感肌向け】', '化粧水おすすめ人気ランキング5選【ニキビケア】', '化粧水おすすめ人気ランキング5選【毛穴ケア】', '化粧水おすすめ人気ランキング5選【シミ・くすみ】', '化粧水おすすめ人気ランキング5選【たるみ・ハリ不足】', '化粧水おすすめ人気ランキング5選【メンズ】', '化粧水の量はどれくらいが理想？', '化粧水を付けるタイミングや順番は？', '化粧水の使い方【手を使う場合】', '化粧水の使い方【コットンを使う場合】', 'January 2023']",18,[],0,"['・ONE BY KOSE\u3000ザ ウォーター メイト', 'ONE BY KOSÉ ザ ウォーター メイト', '・SUQQU（スック）\u3000アクフォンス ハイドレイティング ローション エンリッチド', 'SUQQU アクフォンス ハイドレイティング ローション エンリッチド', '・シャネル\u3000ル リフト ローション', 'シャネル ル リフト ローション', '・イヴ・サンローラン\u3000ピュアショット エッセンス ローション', 'イヴ・サンローラン ピュアショット エッセンス ローション', '・コスメデコルテ\u3000コンフォート デイミスト バランシング モイスチュア', 'コスメデコルテ コンフォート デイミスト バランシング モイスチュア', '5位．ミノン\u3000モイストチャージ', 'ミノン アミノモイスト モイストチャージ ローションI しっとりタイプ', '4位．エスト\u3000ザ ローション', 'エスト ザ ローション', '3位．エトヴォス\u3000アルティモイスト ローション', 'エトヴォス アルティモイストローション', '2位．肌ラボ\u3000極潤プレミアムヒアルロン液', '肌ラボ 極潤プレミアムヒアルロン液', '1位．ランコム\u3000クラリフィック デュアル エッセンス ローション', 'ランコム クラリフィック デュアル エッセンス ローション', '5位．クリニーク\u3000クラリファイング ローション 4', 'クリニーク クラリファイング ローション 4', '4位．オルビス\u3000薬用クリアローション M', 'クリアローション M', '3位．ディオール\u3000ライフ バランシング ソルベ ウォーター', 'ディオール ライフ バランシング ソルベ ウォーター', '2位．ナチュリエ\u3000スキンコンディショナー ハトムギ化粧水', 'ナチュリエ ハトムギ化粧水', '1位．ファンケル\u3000モイストリファイン 化粧液', 'ファンケル モイストリファイン 化粧液', '5位．アクセーヌ\u3000モイストバランスローション', 'アクセーヌ モイストバランス ローション', '4位．エトヴォス\u3000モイスチャライジングローション', 'エトヴォス モイスチャライジングローション', '3位．dプログラム\u3000バランスケア ローション', 'ｄ\u3000プログラム バランスケア ローション', '2位．エリクシール ルフレ\u3000バランシング ウォーター', 'エリクシール ルフレ バランシング ウォーター', '1位．SK-II\u3000フェイシャルトリートメントエッセンス', 'SK-II フェイシャル トリートメント エッセンス', '5位．ミノン アミノモイスト\u3000モイストチャージ ローションII', 'ミノン アミノモイスト モイストチャージ ローションII もっとしっとりタイプ', '4位．RMK\u3000バランス スキンコンディショナー', 'RMK バランス スキンコンディショナー', '3位．コーセーマルホファーマ\u3000カルテHD 高保湿化粧水', 'Carte カルテHD モイスチュア ローション', '2位．ラ ロッシュ ポゼ\u3000トレリアン 薬用モイスチャー ローション', 'ラ ロッシュ ポゼ トレリアン 薬用モイスチャーローション', '1位．イハダ\u3000薬用ローション とてもしっとり', 'IHADA 薬用ローション', '5位．肌美精\u3000大人のニキビ対策 薬用美白化粧水', '肌美精 大人のニキビ対策 薬用美白化粧水', '4位．キュレル\u3000皮脂トラブルケア化粧水', 'キュレル 皮脂トラブルケア 化粧水', '3位．ノブ\u3000ACアクティブ フェイスローション', 'NOV ノブ ACアクティブ フェイスローション', '2位．イプサ\u3000ザ・タイムＲ アクア', 'イプサ ザ・タイムＲ アクア', '1位．ファンケル\u3000アクネケア', 'ファンケル FDRアクネケア 化粧液', '5位．イニスフリー\u3000ヴォルカニックポアトナー', 'イニスフリー ヴォルカニック ポア トナー 2X', '4位．ベネフィーク\u3000リセットクリア Ｎ', 'ベネフィーク リセットクリア Ｎ', '3位．Labo Labo（ラボラボ）\u3000スーパーKEANAエッセンスローション', 'ラボラボ スーパーKeanaローション', '2位．明色化粧品\u3000明色スキンコンディショナー', '明色化粧品 明色スキンコンディショナー', '1位．RMK\u3000ファーストセンス ハイドレーティングローション フレッシュ', 'RMK ファーストセンス ハイドレーティングローション フレッシュ', '5位．DECENCIA\u3000サエル ホワイトニング ローション コンセントレート', 'ディセンシア サエル ホワイトニング ローション コンセントレート', '4位．アスタリフト\u3000ホワイト ブライトローション', 'アスタリフト ホワイト ブライトローション', '3位．アクアレーベル\u3000ホワイトケアローション', 'アクアレーベル ホワイトケア ローション M', '2位．雪肌精\u3000クリアウェルネス ナチュラル ドリップ', '雪肌精 クリアウェルネス ナチュラル ドリップ', '1位．資生堂 エリクシールホワイト\u3000クリアローション T', 'エリクシール ホワイト クリアローション Ｔ', '5位．コスメデコルテ\u3000リフトディメンション エバーブライト リプレニッシュ ローション', 'コスメデコルテ リフトディメンション エバーブライト リプレニッシュ ローション', '4位．ドクターシーラボ\u3000VC100エッセンスローションEX', 'ドクターシーラボ VC100エッセンスローションEX', '3位．オルビス\u3000オルビスユー ローション', 'オルビス オルビスユー ローション', '2位．アテニア \u3000ドレスリフト ローション', 'アテニア ドレスリフト ローション', '1位．B.A\u3000ローション', 'B.A B.A ローション', '5位．UNO\u3000スキンセラムウォーター a', 'ウーノ スキンセラムウォーター ａ', '4位．ニベアメン\u3000オイルコントロールローション', 'ニベアメン オイルコントロールローション', '3位．コンフォートゾーン\u3000アクティブ ピュアネス ローション', 'コンフォートゾーン アクティブ\u3000ピュアネス\u3000ローション', '2位．明色化粧品\u3000薬用メンズ美顔水', '明色化粧品 薬用メンズ美顔水', '1位．THREE\u3000ザ ディフィニティブ ローション', 'THREE ザ ディフィニティブ ローション']",100,13,化粧水　おすすめ
13,【2023年】化粧水のおすすめ38選。保湿力をLDK the Beautyが比較 | 360LiFE,19568,211,['【2023年】化粧水のおすすめ38選。保湿力をLDK the Beautyが比較'],1,"['化粧水のメリットは？', '化粧水の選び方は？', '化粧水38製品を徹底比較', '【新作＆話題】化粧水のおすすめは？', '【人気＆定番】化粧水のおすすめは？', 'おまけ：化粧水の効果的な使い方', '【まとめ】ベストバイの化粧水でうるおい美肌に！', '化粧水の売れ筋ランキングもチェック！', '関連記事']",9,"['やっぱり化粧水はうるおわなくちゃ！', '肌悩みに合った成分が入ったものを', '毎日使うからストレスフリーがいい', '検証1：保湿力', '検証2：成分', '検証3：使用感', 'オルビス「クリアフル ローション M しっとりタイプ」', 'フェルゼア「フェルゼア プレミアム 薬用泡の化粧水」', 'ももぷり「潤いバリア化粧水 M」', 'ミズシナジー「シナジー ディフェンス ローション」', 'NALC「薬用モイストローション」', 'コスメデコルテ「イドラクラリティ 薬用 トリートメント エッセンス ウォーター」', 'レシピオ「モイストローション R」', 'han「アクアスキンローション」', 'ザ・レチノタイム「ホワイトニングローション」', 'クオリティファースト「ダーマレーザー スーパーVC100 ローション(しっとり) 」', 'SKINFONIA「アドバンスド ローション」', 'リット「ローション」', 'チュージット「エッセンスローション V」', 'セルニス「モイスト セラム ローション」', 'ジェネコス「モイスト エッセンス ローション」', 'ウルワシ プラス「ローション」', 'Yunth「ナノバブル美白化粧水」', 'アルビオン「薬用スキンコンディショナー エッセンシャル N」', 'クリニーク「モイスチャー サージ ハイドロ ローション」', 'KATAN「シカ バランスローション」', 'チュージット「エッセンスローション S」', 'チュージット「エッセンスローション H」', 'オバジ「オバジC リファインローション」', 'チュージット「エッセンスローション L」', 'サートフル「ブライトエッセンスローション」', 'D評価: 肌美精「大人のニキビ対策薬用美白化粧水」', 'カルテHD「モイスチュアローション」', 'キュレル「潤浸保湿化粧水 III とてもしっとり」', 'ミノン アミノモイスト「モイストチャージ ローション II もっとしっとりタイプ」', 'dプログラム「モイストケア ローション MB」', 'アクアレーベル「バランスケア ローション RM コクがあるしっとりタイプ」', '肌ラボ「極潤ヒアルロン液」', '肌美精「保湿化粧水」', 'ワフードメイド「酒粕しっとり化粧水」', 'アクアレーベル「アクアローション しっとり」', 'なめらか本舗「とってもしっとり化粧水 NC」', '無印良品「化粧水 敏感肌用 高保湿タイプ」', '毛穴撫子「お米の化粧水 N」', 'ハンドプレス法：「押し込み塗り」と「目開き塗り」', 'こする＆たたき塗りはNG！', '【新作＆話題】のベストバイ', '【人気＆定番】のベストバイ', '【2023年】美白化粧水のおすすめ12選。雑誌「LDK」が徹底比較', '【2023年】韓国化粧水のおすすめ20選。LDKが保湿力・成分・使用感を徹底比較', '【2023年】美白化粧水のおすすめ12選。雑誌「LDK」が徹底比較', '【2023年】スキンケアのおすすめ37選。市販人気の定番アイテムだけをLDKが比較', '【2023年】ミスト化粧水のおすすめ20選。LDKが保湿力などで徹底比較', '【2023年】韓国化粧水のおすすめ20選。LDKが保湿力・成分・使用感を徹底比較', '【2023年】プチプラ化粧水のおすすめランキング24選｜雑誌『LDK』が人気商品を徹底比較', '【2023年】保湿化粧水のおすすめ11選。保湿力や使用感をプロとLDKが徹底比較', '【2023年】オールインワンのおすすめ18選。人気ジェルやクリームをLDKが比較', '【2023年】ドラッグストアで買えるオールインワン10選│雑誌『LDK』が比較', '家電メーカー・シャープ発のスキンケアの実力は？ 話題のブランドをLDKが検証', '【1000円ちょい】コスパ最強の冬ファンデ！ LDK自腹買いのおすすめアイテムは？', '美容オイルを化粧水にin！即席オイルコスメからはじめませんか。LDKが紹介', '【2023年】保湿クリームのおすすめ9選。顔用の人気プチプラやデパコスの保湿力・使用感をLDKが比較', '【バリア機能UP】美容オイルは高い方を選ぶべき？ LDKとプロがおすすめの使い方を紹介', '【2023年】暖かい靴下のおすすめ10選。LDKが冷えないソックスを徹底比較', '【2023年】マスクにつかないファンデーションのおすすめ12選。LDKが徹底比較', '【2023年】ボディクリームのおすすめ8選。ベタつかないのは？ プチプラや市販・人気ブランド品を比較', '【2023年】フェイスパックのおすすめ69選。保湿力や使用感をLDKが徹底比較', '', '', '', '', '', '', '', '', '', '', '', '', '', '', '', '', '', '']",85,"['毛穴ケアに効果が期待できるのは？', '美白に効果が期待できるのは？', '肌荒れ防止に効果が期待できるのは？', 'エイジングケアに効果が期待できるのは？', '検証結果', '成分', '検証結果', '成分', '使用感', '検証結果', '成分', '検証結果', '成分', '検証結果', '成分', '使用感', '検証結果', '成分', '使用感', '検証結果', '検証結果', '成分', '検証結果', '成分', '使用感', '検証結果', '成分', '検証結果', '成分', '検証結果', '成分', '検証結果', '成分', '検証結果', '成分', '検証結果', '検証結果', '成分', '検証結果', '成分', '検証結果', '使用感', '検証結果', '使用感', '検証結果', '使用感', '検証結果', '検証結果', '検証結果', '成分', '検証結果', '検証結果', '成分', '検証結果', '成分', '検証結果', '成分', '検証結果', '成分', '使用感', '検証結果', '成分', '検証結果', '成分', '使用感', '検証結果', '成分', '検証結果', '検証結果', '検証結果', '使用感', '検証結果', '使用感', '検証結果', '検証結果', '成分', '検証結果', '成分', '押し込み塗り', '目開き塗り']",80,"['期待できる効果', '期待できる効果', '期待できる効果', '期待できる効果', '期待できる効果', '期待できる効果', '期待できる効果', '期待できる効果', '期待できる効果', '期待できる効果', '期待できる効果', '期待できる効果', '期待できる効果', '期待できる効果', '期待できる効果', '期待できる効果', '期待できる効果', '期待できる効果', '期待できる効果', '期待できる効果', '期待できる効果', '期待できる効果', '期待できる効果', '期待できる効果', '期待できる効果', '期待できる効果']",26,14,化粧水　おすすめ
0,【2023年1月】市販シャンプーのおすすめ人気ランキング56選【徹底比較】 | mybest,64514,157,['【2023年1月】市販シャンプーのおすすめ人気ランキング56選【徹底比較】'],1,"['検証のポイント', '市販シャンプーの選び方', '市販シャンプー全56商品\nおすすめ人気ランキング', '売れ筋の人気市販シャンプー全56商品を徹底比較！', '美容師直伝！正しいシャンプー法とは？', '市販シャンプーの売れ筋ランキングもチェック', '関連記事', '人気の記事', '人気の商品', '人気のfavlist', 'カテゴリから探す']",11,"['検証 ① 洗浄力', '検証 ② 頭皮のすっきり感', '検証 ③ 髪のまとまり感', '検証 ④ 成分評価', '検証 ⑤ 泡立ち', '検証 ⑥ 香り', '① さらさら、かつまとまる。仕上がり重視なら3.8点以上をチェック', '② 乾燥肌？脂性肌？肌質に合わせて洗浄力を選ぼう', '③ 使用感を左右するポイントは香りと泡立ち', '④ 気になるお悩みには専用シャンプーをチェック', 'プラス\nハニープラスハニープラス スムース＆リペアシャンプー', 'ユニリーバ・ジャパン\nTurun ウルツヤスタイル シャンプー', 'ヴィークレア\nmixim POTIONEXリペアシャンプー', 'カラーズ\nTHE PUBLIC ORGANICザ パブリック オーガニック スーパーシャイニー 精油シャンプー', 'I-ne\nBOTANISTルース ボタニカルスカルプセラムシャンプー ストレート', 'アンド・ナイン\nPurunt.モイストリッチ 美容液シャンプー', 'コーセー\nJelaimeジュレーム iP タラソリペア 補修美容液シャンプー', 'インターコスメ\nCanael Styleモイストリペア シャンプー', 'I−ne（アイエヌイー）\nYOLUYOLU カームナイトリペア シャンプー', 'マッシュビューティーラボ\nto/oneモイスチャー シャンプー', 'ヴィークレア\nmixim suppli ビタミン リペアシャンプー', 'I−ne（アイエヌイー）\nBOTANISTボタニカルシャンプー ダメージケア', 'H2O\n&Prismミラクルシャイン シャンプー', '第一三共ヘルスケア\nMINONミノン薬用ヘアシャンプー', '良品計画\n無印良品ダメージケアシャンプー', 'ボトルワークス\nHONEYQUEディープリペア シャンプー モイスト', 'ネイチャーラボ\nDiane Perfect Beautyモイストダイアン パーフェクトビューティー エクストラダメージリペア シャンプー', 'クラシエホームプロダクツ\nいち髪いち髪 THE PREMIUM エクストラダメージケア シャンプー シャイニーモイスト', 'P&Gジャパン\nHAIR RECIPE和の実うるつや シャンプー', '資生堂\nMACHERIEエアフィール シャンプー EX', 'グローバルスタイルジャパン\nLUFTルフト ケア＆デザインシャンプー', 'SEWHA P＆C\nmoremoリペアシャンプー Ｒ', 'AQUA・NOA\nSleek by sarasalonバランスエフェクトシャンプー', 'トイレタリージャパンインク\nエラスティン パフュームシャンプー ピュアブリーズ', 'H2O（エイチツーオー）\nululisウォーターコンク モイスト シャンプー', 'クラシエホームプロダクツ\nDear Beaute HIMAWARIディアボーテ オイルインシャンプー（リッチ＆リペア）', 'ネイチャーラボ\nDiane Perfect Beautyエクストラナイトリペアシャンプー', 'ファイントゥデイ資生堂\nTSUBAKIプレミアムEX\u3000インテンシブルリペアシャンプー', 'nijito\nharukurokamiスカルプ', 'ステラシード\nアハロハニー ハイドロ＆リペア ジェントル シャンプー', ""b-ex（ビーエックス）\nHoneyce'ハニーチェ クリーミーハニー シャンプー"", 'ヴィークレア\nTHERATIS by miximセラティス バイ ミクシム ナイトリペア シャンプー', 'ステラシード\nAHALO BUTTERアハロバター スムースリペア シャンプー', 'I−ne（アイエヌイー）\nDROASシルキーシャンプー', 'クオリティファースト\nボタアンド ザ シャンプー sencha', 'クラシエホームプロダクツ\nいち髪濃密Ｗ保湿ケア シャンプー', 'ユニリーバ・ジャパン\nLUXバイオフュージョンLUX バイオフュージョン シャンプー', 'tellas\nb.ris rosély moist shampoo', 'アズマ商事\n馬油シャンプー', 'コーセー\nSTEPHEN KNOLLスティーブンノル モイスチュアコントロール シャンプー', '花王\nASIENCEアジエンス しっとり保湿タイプ シャンプー', 'ステラシード\nAmino Masonアミノメイソン ディープモイスト ホイップクリーム シャンプー', 'LIT（エルアイティー）\nエメリルシャンプー', 'ステラシード\n8 THE THALASSOエイトザタラソ クレンジングリペア&モイスト 美容液シャンプー', '花王\nメリットメリット シャンプー', 'ユニリーバ・ジャパン\nLUXスーパーリッチシャインスーパーリッチシャイン ダメージリペア シャンプー', 'ヴィークレア\n&honey CreamyEXダメージリペア シャンプー 1.0', 'The SkinFactory\nクンダル ネイチャーシャンプー', '花王\nCurelキュレル シャンプー', '資生堂\nTSUBAKITSUBAKI プレミアムリペア シャンプー', 'ユニリーバ・ジャパン\nLUXルミニークLUX ルミニーク バランス モイストリペア シャンプー', 'P&G\nPANTENEエクストラダメージケア シャンプー', 'L’OCCITANE（ロクシタン）\nファイブハーブス バランシングシャンプー', 'ユニリーバ・ジャパン\nLUXLUX バスグロウ リペア＆シャイン シャンプー', 'TS Trillion（TSトリリオン）\nナチュラルプレミアム TSシャンプー', '花王\nEssentialTHE BEAUTYエッセンシャル ザ ビューティ モイストリペア シャンプー', '検証① 洗浄力', '検証② 頭皮のすっきり感', '検証③ 髪のまとまり感', '検証④ 成分評価', '検証⑤ 泡立ち', '検証⑥ 香り']",72,"['脂性肌なら高級アルコール・オレフィン系成分。さっぱり爽快に', '乾燥肌ならアミノ酸系成分。髪と頭皮にやさしい', 'ベタイン系成分は、乾燥肌はもちろん子どもや赤ちゃんにもおすすめ', '敏感肌であれば、シンプルな成分構成がベター', 'サボン系の香りが人気。好みはそれぞれなので、気分の上がるものを', '泡立ちは気にしなくてもOK！総じて問題のない泡立ち', '成分よし・洗浄力よし・仕上がりよしの高保湿シャンプー', '髪が硬い・太い人向きなしっとりまとまりやすい仕上がりに', '乾燥肌ならコレ！頭皮にやさしくさっぱり洗える', '精油が豊富なボタニカルシャンプー。軽やかだけどしっかりまとまる', '全体的に高評価でバランスがよい。細い・やわらかい・直毛の人に', 'さらさらとまとまりを両立。成分バランスのよさも魅力', 'さらっと感とまとまりのよさを両立。乾燥肌向きのやさしい洗浄力', '熱ダメージやカラーケアに特化。なめらかな指通りに', 'すっきり洗えて、翌朝も扱いやすい。清潔感のある香りも好印象', '普通・乾燥肌の人向き。豊富な保湿成分でしっとり仕上がる', '細い髪向きの軽やかな仕上がりに。敏感肌にもやさしい成分構成', '髪が細い人・ダメージが少ない人向き。やさしい成分でしっかり洗える', 'さっぱり洗って、しっとり仕上がる。普通肌・乾燥肌向き', '乾燥肌・敏感肌向きな頭皮にやさしいマイルドな洗浄力が魅力', '軽やかな仕上がりに。もこもこ泡で爽快な洗い心地も好印象', '乾燥肌・敏感肌・脂性肌も使える珍しい1本。仕上がりはそこそこ', 'ダメージケアには物足りないが、さっぱり洗える', 'ダメージが気にならない人向きだが、敏感肌も使いやすいやさしさ', '頭皮にやさしくさっぱり洗える。乾燥肌・敏感肌の人に', '泡切れがよく、ぬめりにくい。洗い心地も仕上がりも好印象', '保湿成分が豊富。乾燥肌・敏感肌も使いやすい', '敏感肌には不向きだが、頭皮にやさしくさっぱり洗える', '洗浄力はそこそこだが、絡まりにくく指通りのよい仕上がりに', 'ティーン向けの甘めの香りが特徴。高洗浄で脂性肌向き', 'ダメージが気にならない人向きだが、さっぱりとした洗い上がりに', '泡立ちがよく、さっぱり洗える。トリートメントの併用がおすすめ', 'もこもこ泡ですっきり洗える。さらっと軽やかな仕上がりに', '泡立ちと香りのよい、爽快感のある洗い上がりに。仕上がりは軽やか', '頭皮にやさしい洗浄力。つるんと軽やかな仕上がり', 'ダメージケアにおすすめの成分構成だが、仕上がりはまずまず', 'やさしい成分でしっかり洗浄。ふんわりやわらかな髪へ', 'もこもこ泡が気持ちよい。そこそこの洗浄力で軽やかな仕上がり', '油脂成分の効果は期待できないが、さっぱりと心地よい洗い上がりに', '髪のまとまりはもう一歩だが、吸着成分でさっぱり洗い上がる', 'まとまらないが、ふんわりとした仕上がり。やさしくさっぱり洗える', '謳い文句に反し、ふんわり軽やかな仕上がりに。さっぱり洗える', '普通肌・脂性肌向きの高洗浄力だが、指通りはなめらか', '香りや泡立ちは評価が分かれたものの、さっぱりと洗える', '敏感肌には不向きだが、しっとりとまとまりやすい', 'さっぱり洗える高洗浄力。フローラル系の香りがしっかり香る', '敏感肌には不向きだが、泡立ちがよくさっぱり洗える', '髪のまとまり感はいまひとつだが、泡立ちと香りがよく洗いやすい', 'さっぱり感には欠けるが、贅沢な保湿成分と仕上がりのよさは魅力', 'さらっと軽やかな仕上がり。もこもこ泡で洗い心地が快適', '発売から50年を超えるロングセラー。爽快感のある洗い上がりに', '指通りのよい仕上がりが魅力だが、洗浄力はいまひとつ', '乾燥肌向き。髪が細い・ダメージが少ない人であれば選択肢に', '毛先のパサつきは気になるが、もこもこ泡で爽快感のある洗い上がりに', '洗浄力は期待できないが、泡立ちがよく洗い心地は快適', '定番の市販商品。洗い心地はよいが、仕上がりはもう一歩', 'クセのある香りだが、洗浄力が高くさっぱり洗える', '高洗浄力でさっぱり洗える。汗をかいた日やスポーツ後向き', '洗浄力は期待できないが、ふんわりとやわらかな仕上がりに', '保湿成分に期待できる成分バランスだが、指通りはいまひとつ', '髪のまとまりは期待できない。高洗浄で頭皮ケア向き', '洗浄力はそこそこ。髪のまとまり感もいまひとつ']",62,[],0,1,シャンプー　おすすめ
1,人気のおすすめシャンプー23選！美容師から聞いた選び方も - OZmall,25974,153,['人気のおすすめシャンプー23選！美容師から聞いたアイテムの選び方も'],1,"['美容のプロに聞いたシャンプーの選び方', '目次', '本記事での監修者と専門家の違いについて', '1．編集部おすすめシャンプー23選！', '男性におすすめのシャンプー', '3．OZmall限定！Amazonギフト券がもらえてお得に購入できるシャンプー2選', '4．シャンプーの選び方', '4-1．頭皮の肌質に応じて選ぶ', '4-2．髪のお悩みに合わせて選ぶ', '4-3. 必ずしもノンシリコンがいいとは限らない。シリコンの有無は髪質に合わせて検討', '専門家のアドバイス', '5．正しいホームケア方法【髪を健やかに保つ】', '', '専門家のアドバイス', '人気のドライヤーおすすめ24選をチェック', '6．OZmall読者の疑問を解決！シャンプーに関するQ&A', 'この記事に登場した監修者', 'この記事に登場した専門家', '関連キーワード']",19,"['', '監修者', '専門家', 'kurokami スカルプ', 'ボタニカルシャンプー モイスト', 'パールリッチシャンプー＆コンディショナー（PR）', 'シャンプーエクストラダメージケア', 'ファイブハーブス リペアリング', '海藻海泥シャンプー', 'スマートリペア シャンプー', 'シャンプー', 'プレミアムモイストシャンプー', 'スーパーマイルド シャンプーA', 'シャンプー', 'ルミニーク', 'ディアボーテ himawari オイルインシャンプー', 'ナチュラルケアセレクト モイストシャンプー', 'ボタニカルセレクション ナチュラルシャイン シャンプー', 'スーパーリッチシャイン', 'リンスのいらないシャンプー', 'アイケア シャンプー9', 'シャンプー モイスチャー', 'シャンプー', '薬用ヘアシャンプー しっとりタイプ', 'スカルプD ボーテ', 'スカルプシャンプー', 'アデノバイタル シャンプー', 'サクセス 薬用シャンプー レギュラー [PR]', '乾燥肌なら、アミノ酸系をベースにしたシャンプーやベタイン系を選んで', '年齢による脂性肌なら炭酸系やオイル系を。若年なら高級アルコール系', '敏感肌は頭皮に残留しにくい石けん系がおすすめ', 'パサパサのダメージヘアにはセラミドやCMCなどの脂質が重要', 'くせ毛は波状毛（はじょうもう）？捻転毛（ねんてんもう）？種類に応じて対策を', 'ボリューム不足にはハリコシの出るシルク。シリコンの有無はあまり気にしなくてOK', '乾燥毛には保水・保湿が重要。頭皮と同じくベタイン系やアミノ酸系もOK', '乾燥or菌？フケやかゆみは原因に応じて対策を', 'エイジング毛には保湿しつつマッサージが重要', '', '', '', '1. コーミング', '2. シャンプー', '3. コンディショナー', '4. 洗い流さないトリートメント・ヘアオイル', '5. ドライヤー', '', '', '美容サロンAnell代表\u3000川村 正人', 'ヘッドスパ専門店 希翠ヘッドセラピスト／毛髪診断士 早川由貴', 'Keep HAIR DESIGNオーナー／シャンプーソムリエ\u3000木田昌吾さん']",50,"['', 'リンスやコンディショナーは不要。豊かに泡立つ、成分にこだわった自然派シャンプー', '体験レビュー', '関連アイテム', '硬めで広がりが気になる髪質におすすめ。自然由来のシンプルな処方で地肌をおだやかに洗う', '関連アイテム', 'アミノ酸系の洗浄成分を使用。髪や地肌をやさしく洗い上げる', '切れ毛や枝毛などの傷んだ毛先をケア。さっぱりとした洗い上がり', '体験レビュー', '関連アイテム', 'ダメージヘアを補修してさらツヤ髪へ。5つのエッセンシャルオイルが潤いを与える', '関連アイテム', 'ミネラル豊富な海の恵みを凝縮。毛穴の奥の汚れまで落とし、潤いを保ちながら洗い上げる', '関連アイテム', 'ダメージを受けた部分を集中的に潤して補修し、傷んで絡まりやすい髪をケア', '体験レビュー', '関連アイテム', '年齢サインが気になる大人にぴったり。6種のエキスが地肌を保湿し、髪をふんわり整える', '体験レビュー', '関連アイテム', '髪の芯まで美容成分が浸透し、自宅にいながらサロン帰りの髪に', '体験レビュー', '関連アイテム', '純国産のオーガニックハーブが髪と地肌の潤いを守る。泡立ちがよく使いやすい', 'ホコリや花粉などの汚れをつきにくくする独自技術を採用。ふわふわの泡立ちで素早くすすげる', '関連アイテム', 'ローズとピーチの香りにうっとり。美容液成分が傷んだ髪を集中補修', '髪のうねりやパサつきを整え、広がりにくくまとまる髪へ', '関連アイテム', '天然由来の成分を贅沢に配合。地肌や髪をいたわりながらケア', '関連アイテム', 'ツヤのなさやきしみが気になる髪に、ボタニカルオイルが潤いを与える', '関連アイテム', '「プレミアムゴールドヒアルロン酸オイル」を配合し、ぺたんこ髪をふんわり軽やかに潤す', '関連アイテム', 'リンス不要なのにサラサラ仕上げ。地肌や髪のニオイも防ぐ', '関連アイテム', 'ストレスや年齢に負けない美しさをめざす人へ。しっとりとまとまりやすい髪に洗い上げる', '体験レビュー', '地肌の乾燥やかゆみ、フケを防ぎ、根元からしっとりとツヤのある髪へ', '体験レビュー', '「セラミド」を守り潤いキープ。フケやかゆみなどの頭皮トラブルを防ぐ', '関連アイテム', '植物性のアミノ酸系洗浄成分で、地肌のかゆみやフケを防ぎながら洗える', '女性の頭皮環境に着目。ニオイやベタつきを防ぎ、健康的な毛髪を育む土台を整える', '体験レビュー', '負担のある成分は極力カットし、スキンケ成分をたっぷり配合。豊かな泡立ちで洗える', '年齢による髪と頭皮の悩みをケア。ふんわり感とハリのあるボリュームヘアを演出', 'おすすめポイント', 'OZmall限定！購入するとAmazonギフト券300円分をプレゼント', '髪、頭皮、体、すべてのケアをこれ1本で。「みどりまゆ」シルクの恵みで全身を潤す', '専門家のアドバイス', '専門家のアドバイス']",53,"['口コミ / レビュー', '良かった点', '改善してほしい点', '', '口コミ / レビュー', '', '口コミ / レビュー', '良かった点', '改善してほしい点', '', '口コミ / レビュー', '', '口コミ / レビュー', '', '口コミ / レビュー', '良かった点', '改善してほしい点', '', '口コミ / レビュー', '良かった点', '', '口コミ / レビュー', '良かった点', '改善してほしい点', '', '口コミ / レビュー', '口コミ / レビュー', '', '', '口コミ / レビュー', '口コミ / レビュー', '', '口コミ / レビュー', '', '口コミ / レビュー', '', '口コミ / レビュー', '', '口コミ / レビュー', '', '口コミ / レビュー', '良かった点', '改善してほしい点', '口コミ / レビュー', '良かった点', '改善してほしい点', '口コミ / レビュー', '', '口コミ / レビュー', '口コミ / レビュー', '良かった点', '改善してほしい点', '口コミ / レビュー', '口コミ / レビュー', '', '']",56,2,シャンプー　おすすめ
2,シャンプー・コンディショナーのおすすめ商品・人気ランキング｜美容・化粧品情報はアットコスメ,6958,66,['シャンプー・コンディショナー おすすめ商品・人気ランキング'],1,['シャンプー・コンディショナー'],1,['最新クチコミランキング'],1,"['プレミアムタッチ 浸透美容液ヘアマスク', 'ファンゴ ヘッドクレンズ SPA＋', '&Prism MIRACLE SHINE シャンプー／ヘアトリートメント', 'THERATIS Dreamy モイスト シャンプー／ヘアトリートメント', 'メロウリュクスマスク', 'カームナイトリペアジェルヘアマスク', 'オイルインシャンプー／コンディショナー(リッチ＆リペア)', 'クンダルH&Mシャンプー／ヘアトリートメント イランイランの香り', 'メロウシャンプー／メロウトリートメント', 'エッセンシャル ザビューティ 髪のキメ美容バリアトリートメント']",10,[],0,3,シャンプー　おすすめ
3,【2022最新】人気美容師が選んだ！市販シャンプーおすすめランキング - ROSEMARY - ヌーヴ・エイオンラインストア,11695,298,"['', '【2022最新】人気美容師が選んだ！\n市販シャンプーおすすめランキング']",2,"['', 'ご協力いただいた美容師さんのご紹介', 'シャンプーのおおまかな種類', 'シリコン配合とノンシリコンの違い', '美容師直伝！シャンプーを選ぶポイント', '美容師が実際に使ってみた！各シャンプーのレビュー', '美容師が選ぶ！市販のシャンプーランキング', 'プロが教える正しいシャンプーの方法', 'ドライヤーも肝心！プロが教える正しいドライヤー方法', '髪の毛にも保湿が大事。人気のアウトバスアイテム', 'まとめ', '横瀬卓さんの美容室のご紹介', 'おすすめコンテンツ', 'ショップから探す', 'ブランドから探す', 'ご利用ガイド', 'オンラインストアについて']",17,"['シリコン配合とノンシリコンの違い', '美容師が選ぶ！\n市販のシャンプーランキング', 'ヘアサロン「PRINCIPE(プリンシペ)」オーナー 横瀬卓さん', '店長 永野亮介さん', 'スタイリスト 青山祐大さん', 'アシスタント 津田愛華さん', 'アシスタント 勝倉麗さん', '高級アルコール系シャンプー', 'ベタイン系のシャンプー', '医薬部外品のシャンプー', 'アミノ酸系シャンプー', 'タウリン系のシャンプー', 'シリコンでもノンシリコンでも使い方によって髪の毛は綺麗になります。', '成分', '洗い上がり', '香り', 'パッケージ', 'コスパ', 'シャンプーポジショニングマップ', 'Entry No.1', 'Entry No.2', 'Entry No.3', 'Entry No.4', 'Entry No.5', 'Entry No.6', 'Entry No.7', 'Entry No.8', 'Entry No.9', 'Entry No.10', 'Entry No.11', 'Entry No.12', '\\ ランキング形式でチェック！ /', '洗浄力ランキング', '', '', '', '', '', '', '', '', '', '', '', '', '有名ヘアサロンとローズマリーの\n夢のコラボ！', 'ローズマリー店頭で品切れ続出！\nコスパ抜群のさらさら髪へ導くヘアミルク', 'アルガンをはじめとする\n植物オイルパワーで傷んだ髪を補修、保湿']",48,"['ノンシリコンシャンプーを使う場合', 'シリコン入りシャンプーを使う場合', 'STAFF REVIEW', 'STAFF REVIEW', 'STAFF REVIEW', 'STAFF REVIEW', 'STAFF REVIEW', 'STAFF REVIEW', 'STAFF REVIEW', 'STAFF REVIEW', 'STAFF REVIEW', 'STAFF REVIEW', 'STAFF REVIEW', 'STAFF REVIEW']",14,[],0,4,シャンプー　おすすめ
4,【楽天市場】シャンプー | 人気ランキング1位～（売れ筋商品）,11427,359,['シャンプーランキング'],1,"['ランキング', 'ジャンル一覧', '条件で絞り込む', 'このジャンルの特集', 'このジャンルの商品', '楽天市場のイチオシ', 'リアルタイム ランキング', '関連ジャンルを見る']",8,[],0,[],0,[],0,5,シャンプー　おすすめ
5,【2023年1月】本当に良いシャンプーランキング32選【ドラッグストアの市販アイテムから厳選】| LALA MAGAZINE [ララ マガジン],24689,112,['【2023年1月】本当に良いシャンプーランキング32選【ドラッグストアの市販アイテムから厳選】'],1,"['シャンプーの選び方', '本当に良いシャンプーランキング32選【ドラッグストアの市販アイテムから厳選】', 'シャンプーの正しいやり方', 'シャンプーに関するQ&A', 'まとめ', '著者情報', '関連記事']",7,"['①肌質から選ぶ', '②髪質から選ぶ', '③頭皮と髪の悩みから選ぶ', '【PR】ラサーナ プレミール シャンプー', '1位.cocone クレイクリームシャンプー', '2位.ラサーナ プレミオール シャンプー', '3位.薬用アミノ酸シャンプー 爽快柑', '4位.モアブルーム シャンプー', '5位.セラティス by mixim ナイトリペア シャンプー', '6位.エイトザタラソ クレンジングリペア＆モイスト 美容液シャンプー', '7位.ザ パブリック オーガニック スーパー ポジティブ シャンプー', '8位.クンダル ネイチャー シャンプー', '9位.凛恋(リンレン) シャンプー ローズ＆ツバキ', '10位.ディアボーテ\u3000オイルインシャンプー（リッチ＆リペア）', '11位.マーアンドミー ラッテ シャンプー', '12位.haru シャンプー kurokamiスカルプ', '13位.無印良品 エイジングケアシャンプー', '14位.いち髪 なめらかスムースケアシャンプー', '15位.いち髪 THE PREMIUM エクストラダメージケアシャンプー シャイニーモイスト ', '16位.ヘアレシピ 和の実 つるん シャンプー', '17位.MASUGU (まっすぐ) ストレート スタイル シャンプー', '18位.ボタニスト ボタニカルシャンプー ダメージケア', '19位.ミノン 薬用ヘアシャンプー', '20位.ドロアス ダメージリペアシャンプー', '21位.アンドハニー ディープモイスト シャンプー1.0 ', '22位.プルント モイストリッチ 美容液シャンプー', '23位.ウルリス ウォーターコンク モイスト シャンプー', '24位.ジュレーム iP タラソリペア シャンプー', '25位.YOLU(ヨル) カームナイトリペア シャンプー', '26位.モイストダイアン パーフェクトビューティー エクストラダメージリペア シャンプー', '27位.カウブランド 無添加シャンプー さらさら', '28位.キュレルシャンプー', '29位.メリット シャンプー', '30位.ラックス スーパーリッチシャイン ダメージリペア 補修シャンプー', '31位.パンテーン エクストラダメージケアシャンプー ', '32位.ツバキ プレミアムモイスト シャンプー  ', '成分に注目してシャンプーを選ぶ']",37,"['乾燥肌', '脂性肌・オイリー肌', '敏感肌', 'くせ毛', '猫っ毛', '剛毛', 'フケ', '頭皮の臭い', '抜け毛', '白髪', 'エイジング毛', 'ダメージ毛', '繰り返しのカラーやパーマによるダメージを集中補修', '洗いながら髪をじっくり補修\nしっとりして髪がまとまる・サラサラな手触り', 'カラーやパーマによる髪のダメージが気になる方におすすめ！\nパサつき・うねり・ゴワゴワを集中補修', '頭皮のフケ・かゆみ・ニオイ・ベタつきが気になる方におすすめの薬用シャンプー', '白髪染め世代におすすめ！ツヤとハリ・コシ改善のクリームシャンプー', 'うねり・寝ぐせを抑制するしっとり系仕上がりのシャンプー', 'タラソ幹細胞処方でしっとり髪まとまるアミノ酸シャンプー', '精油の香りが魅力のサラサラでふんわり仕上がりで優秀', '香水のような高級感のある香りが人気の韓国ブランド', '潤いのある仕上がりで、くせ毛を活かしたヘアスタイルにおすすめ！香りが良い！！', 'うねり・くせ・パサつきを整え、広がり抑えてしっとりまとまる', '低価格なのに優秀なアミノ酸系シャンプーが欲しいあなたに', 'リンス・コンディショナーをしなくてもサラサラの仕上がりオールインワン', '優しい洗浄力でサラサラふんわり仕上がり！香りも爽やかでGood！', '泡立ち洗い心地が非常に良いスムースシャンプー', '泡立ちや洗い心地が良くて、髪の仕上がりも良い！コスパも良い！', 'ピュア国産のライスオイルを配合したアミノ酸系のノンシリコンシャンプー', 'うねり原因である髪内部の水分量に着目したシャンプー', 'しっとり仕上がりのダメージ補修シャンプー', '敏感な頭皮をいたわり、ふけ・かゆみを防ぐ薬用シャンプー', 'ミネラル泥パックで頭皮の汚れを取り除くドロアス', '泡立ち・洗い心地が良くて、ハチミツを感じる甘い香りが心地良い', '時間が経つごとに香水のような香りの変化を感じる美容液シャンプー', 'さっぱり系の洗い上がりで軽いサラサラ仕上がり', 'コスパ重視の方に！iPコラーゲン配合の補修美容液シャンプー', '泡立ち洗い心地が良くて、しっとりサラサラ仕上がり', '香水のようなボトルと甘い匂いのフローラル＆ベリーの香りが特徴', '頭皮の皮脂を洗浄するのに適した無添加シャンプー', '皮脂が原因のフケ・かゆみなどの頭皮トラブルにおすすめ', '皮脂が多いオイリー肌におすすめの薬用シャンプー', 'ドラッグストアで人気のダメージリペアシャンプー', '洗浄力が強くて泡立ち・洗い心地が非常に良いダメージケアシャンプー', '上品で華やかなフローラルフルーティーの香りが特徴']",45,[],0,6,シャンプー　おすすめ
6,髪を洗うベストな頻度は？髪質別のシャンプーの回数と洗い過ぎの注意点について | HANABUSA（ハナブサ）｜石川県金沢市・野々市市の人気ヘアサロン・美容室,4475,33,"['', 'NEWS', '髪を洗うベストな頻度は？髪質別のシャンプーの回数と洗い過ぎの注意点について']",3,"['髪を洗う回数は1日何回がベスト？', '髪を洗う頻度を増やすor減らし過ぎるデメリットとは？', '髪を洗う目的とメリットを学んでみよう', '～おわりに～']",4,"['髪を洗う回数は基本1日に1回', '頭皮と髪の汚れや汗が気になる場合は？', '湯シャンのポイントと注意点について', '髪を洗う頻度を増やし過ぎるとこんな影響が', '毎日シャンプーを使って洗うべき？', '髪を洗う頻度を減らし過ぎる影響とは？', '', '']",8,"['', '', '', '', '', '', '', '', '', '', '', '', '髪質改善【ウルトワトリートメント】とは？', 'ノンシリコンシャンプーとは？効果やメリット、選び方などの基礎知識を解説...', '頭皮の毛穴の数はどれくらい？頭皮の毛穴によくあるトラブルと最適なケア方...', '髪の強度はどれくらいあるの？髪の強度を高めるヘアケア・生活習慣のポイン...', '髪の毛でDNA鑑定はできるの？髪の毛とDNA鑑定のかかわりを解説します', '男性と女性で髪質は違うの？それぞれの髪質の特徴と性別に見る必要なヘアケ...', 'パーマとヘアカラーのダメージはどう違う？パーマ・ヘアカラーのダメージに...', '髪の成分って何？髪の構造と栄養を運ぶ要素を合わせて解説します！', '髪のニオイが気になる…原因とニオイをなくすための対処法まとめ', '猫っ毛の特徴とは？コシのある髪質を育てるケアと似合うヘアスタイルをご紹...', '髪に枝毛を見つけたら…原因と枝毛のない髪を取り戻す対処法！', '今日から始める髪の日焼け対策！紫外線による髪への影響と日焼け予防のため...', '頭皮のケアにリンパマッサージが良い？気になる効果とやり方を解説します！', 'つむじ割れが気になる？原因とつむじ割れを目立たなくする対処法！', '正しいブラッシングで健やかな髪と頭皮環境に！必要性と効果、やり方を解説...']",27,[],0,7,シャンプー　おすすめ
7,意外と知らない！ノンシリコンシャンプーのメリットとデメリット | mocobe(モコビ),3535,46,['意外と知らない！ノンシリコンシャンプーのメリットとデメリット'],1,"['ノンシリコンシャンプーとは？', 'ノンシリコンシャンプーのメリット', 'ノンシリコンシャンプーのデメリット', 'category', 'ranking', 'pickup', '']",7,"['1.カラーリングやパーマがしっかりとかかるので持ちが良くなる', '2.髪に軽さが生まれる', '3.頭皮を健やかに保つことができる', '1.髪がきしむ、手触りが悪くなる', '2.頻繁なカラーリングやパーマで傷んだ髪は、ダメージが進行することも', '3.ドライヤーやヘアアイロンの熱に弱い', '関連キーワード', '']",8,"['', '']",2,[],0,8,シャンプー　おすすめ
8,エイトザタラソとアミノメイソン - とちらもステラシードです| Q&A - @cosme(アットコスメ),4953,46,"['エイトザタラソとアミノメイソン', 'ちゃんみおぶーん さん', 'yuur☆ さん', 'ドラミちゃん･☆ﾟ:*:ﾟ さん', 'まぁるいの さん', 'エノキダ さん', 'PLUS さん', 'ゆーみん.。o○ さん', 'はくさい37 さん', 'よしおばなお さん', 'Barbie.Bell さん', 'ドライヤーについて', 'シンピュルテ\u3000トゥーグッド マルチベネフィットオイルの使用感', '髪のパサつき、広がりに良いヘアケア商品', 'ヘアケア', 'このモバイルヘアアイロンの中でどれがオススメですか', '髪のパサつき、広がりに良いヘアケア商品', 'シンピュルテ\u3000トゥーグッド マルチベネフィットオイルの使用感', 'ドライヤーについて', '【菊正宗】秋冬の新商品、現品３点セット / 菊正宗 現品', 'さらっとふわ肌続く、インテグレートの名品ファンデ / インテグレート 現品', '美容のQ&Aコミュニティサービスです。']",22,"['回答17件', '“ヘアケア・スタイリング”新着Q&A', '', '', '', 'おすすめQ&Aまとめ', 'Q&Aランキング（ヘアケア・スタイリング）', 'ブランドファンクラブ限定プレゼント']",8,"['', '前髪の内側がうねる', '美容院でヘアカラーした髪、何日洗わない方がいいですか？', '髪の煙の臭い？がシャンプーをしても取れないのですがどうし…', 'お風呂あがりののドライヤーで既に頭皮臭が・・・', '石けんシャンプー（約2年）を続けたいが。。', 'パッツン前髪の方、お風呂後の乾かした後はどうしてますか？', '跡のつかない結び方', '女子高生なのに薄毛>_<', '髪が急にバサバサになってしまいました', 'ケープ']",11,[],0,[],0,9,シャンプー　おすすめ
9,シャンプーの頻度は何回が正解？回数多めは要注意なんです！【HAIR】,3845,68,['シャンプーの頻度は何回が正解？回数多めは要注意なんです！'],1,"['1日2回のシャンプーは要注意！', '女性は毎日シャンプーしなくても実はイイ!?', '季節ごとに変わるシャンプーの回数', 'シャンプーは2日に1回でいいことも', 'シャンプーを使う回数は少ない方がベター', '関連記事', 'ヘアケアに関する新着記事', 'ヘアケアに関する記事人気ランキング']",8,"['洗いすぎがシャンプーの回数増加の原因になっている', '頭皮の皮脂や角質は大切なバリア', '肌や髪が乾燥しやすい人はできるだけ回数を減らして', '湯シャンで十分きれいになります', '頭皮や髪の毛に優しいシャンプーを使って', '汗やべたつきが気にならない季節は回数を減らして', '高頻度のシャンプーは抜け毛や薄毛の大敵', '昔の女性はそんなに洗っていなかった', '1日2回急いで洗うより2日1回丁寧に', '頭皮や髪の毛を湿ったままにしないで', 'カテゴリ', '']",12,"['市販で買える！本当におすすめのアミノ酸シャンプーとその選び方', '', 'シャンプーは毎日する？自分に合った頻度と洗い方で洗いすぎを防止', '', 'シャンプーの詰め替えで気をつけるべきゾッとする話～正しいやり方', '', 'シャンプーの頻度から見直して美髪を目指してみませんか？', '']",8,[],0,10,シャンプー　おすすめ
10,【2023年】シャンプー＆トリートメントのおすすめ100選。LDKが人気製品を比較 | 360LiFE,33489,324,['【2023年】シャンプー＆トリートメントのおすすめ100選。LDKが人気製品を比較'],1,"['美髪を叶える理想のシャンプー＆コンディショナーは？', 'シャンプーとトリートメントの選び方は？', 'シャンプー＆トリートメント100製品を徹底比較！', '1000円以下：シャンプー＆トリートメントのおすすめは？', '2000円以下：シャンプー＆トリートメントのおすすめは？', '【2000円超】シャンプー＆トリートメントのおすすめは？', '【まとめ】価格帯別のベストバイはこちら！', 'シャンプー＆トリートメントの売れ筋ランキングもチェック！', '関連記事']",9,"['シャンプーの洗浄成分は？', '頭皮の性質＝お肌の性質でわかる！', 'コンディショナーとトリートメントの違いは？', '【2022年】へアマスクのおすすめ12選｜雑誌『LDK』が比較', '検証1：仕上がり', '検証2：成分', '検証3：使用感', '【2023年】プチプラシャンプーのおすすめランキング15選。LDKが1000円以下の人気商品を徹底比較', 'ジュレーム「iP タラソリペア補修美容液」', 'いち髪 THE PREMIUM「エクストラダメージケア」', 'ラックス「バスグロウ リペア＆シャイン」', 'ラックス「バスグロウ モイスチャー＆シャイン」', 'パンテーン「エクストラダメージケア」', 'ドロアス「グロッシー」', 'ディアボーテ HIMAWARI「スムース＆リペア オイルイン」', '海のうるおい藻「うるおいケア」', 'TSUBAKI「プレミアムクール」', 'エッセンシャル ザ ビューティ「髪のキメ美容 モイストリペア」', 'エイトザタラソ「スパ（限定キット）」', 'セラティス バイ ミクシム「ミネラルリペア」', 'ビューティブーケ「ふんわりコシ髪シャンプー／うるおいツヤ髪トリートメント」', 'YOLU「カームナイトリペア」', 'ウルリス「ピンクミー ウォーターコンク コントロール」', 'アンドハニー クリーミー「EXダメージリペア」', 'アハロハニー「ハイドロ＆リペア ジェントル」', 'ララプリモ「モイスチャー リペア」', 'ファンアズム「モイスト＆ダメージリペア」', 'タスキュア「モイスト」', 'アロマキフィ「オーガニック モイストシャイン」', 'クレージュ「シャンプー R／ トリートメントR」', 'Sleek by sarasalon「バランスエフェクト」', 'エスフリー「シルキースムース」', 'Curuput「ディープダメージケア」', 'ボタアンド「ホワイトリリー」', 'サボリーノ「ハヤラク モイスト」', 'ザ パブリック オーガニック「スーパーシャイニー 精油」', 'TuRUN「ウルツヤスタイル」', 'ミノン「薬用ヘアシャンプー／薬用コンディショナー」', 'リンレン レメディアル「ユズ＆ネロリ」', 'ISM「スイート ドルチェ」', 'キュレル「泡シャンプー／コンディショナー」', 'ケアミー「シャンプー／トリートメント」', 'ザ・ボディショップ「ティーツリー クリア＆バランシング」', '12/JU-NI「Type-A（しっとりタイプ）」', 'スカルプＤ ボーテ「薬用 モイスト」', 'ルベル「ヒタ」', 'NIJI「リズミック」', 'イソップ「シャンプー／コンディショナー」', 'ドクターメディオン「ヘッドスパ」', 'ハホニコハッピーライフ「ヘマシルク スカルプ＆ヘア」', 'カーリーシール「プレステージ ダメージケア」', 'RauB「フルボーテ」', '芳髪「フォー ウィメン」', 'ドランク エレファント「ココミノ」', 'ラリン「デッドシーミネラルズ」', 'ザ・プロダクト「モイスト」', 'ビーカーズ「スカルプ」', 'カガエ「センシティブ」', '1000円以下のベストバイ', '2000円以下のベストバイ', '2000円超のベストバイ', '【2022年】最新メンズシャンプーのおすすめランキング20選。人気商品を徹底比較', '【2023年】プチプラシャンプーのおすすめランキング15選。LDKが1000円以下の人気商品を徹底比較', '【2023年】髪色を美しく保つ「紫シャンプー」のおすすめ14選！使い方と選び方', '【2023年】炭酸シャンプーのおすすめ7選。市販人気商品の洗浄力をLDKが比較', 'シャンプーの年間ベストは「ダイアン」でした｜『LDK』が人気18製品を比較', '洗うだけで髪が変わる！ LDKがガチおすすめするシャンコンは？', '【上半期ベスコス】憧れのしなやかヘア！ LDK推しのシャンプーは「12/JU-NI」【2022年】', '3000円以上のシャンプーってどう？ スカルプDボーテの検証の結果は......', '【シャンプー】清涼感&ふわツヤ！LDK推しの夏に使いたいシャンコンは？', '1000円未満の最強シャンプー決定！ LDKが認めた“安くて良い”2ブランドは？', '【1000円ちょい】コスパ最強の冬ファンデ！ LDK自腹買いのおすすめアイテムは？', '美容オイルを化粧水にin！即席オイルコスメからはじめませんか。LDKが紹介', '【2023年】保湿クリームのおすすめ9選。顔用の人気プチプラやデパコスの保湿力・使用感をLDKが比較', '【バリア機能UP】美容オイルは高い方を選ぶべき？ LDKとプロがおすすめの使い方を紹介', '【2023年】暖かい靴下のおすすめ10選。LDKが冷えないソックスを徹底比較', '【2023年】マスクにつかないファンデーションのおすすめ12選。LDKが徹底比較', '【2023年】ボディクリームのおすすめ8選。ベタつかないのは？ プチプラや市販・人気ブランド品を比較', '【2023年】フェイスパックのおすすめ69選。保湿力や使用感をLDKが徹底比較', '', '', '', '', '', '', '', '', '', '', '', '', '', '', '', '', '', '']",97,"['アミノ酸系', 'ベタイン系', '石けん系', '高級アルコール系', 'ツヤ成分', '補修成分*', 'しっとり成分', 'そのほかにもココもチェック', '泡立ち', 'なじませやすさ', 'すすぎやすさ', '検証結果', '成分', '仕上がり', '検証結果', '仕上がり', '検証結果', '検証結果', '成分', '検証結果', '成分', '検証結果', '成分', '検証結果', '成分', '検証結果', '成分', '検証結果', '成分', '検証結果', '成分', '検証結果', '成分', '仕上がり', '検証結果', '成分', '検証結果', '成分', '検証結果', '成分', '検証結果', '成分', '検証結果', '成分', '検証結果', '成分', '検証結果', '成分', '検証結果', '成分', '検証結果', '成分', '検証結果', '成分', '検証結果', '成分', '検証結果', '成分', '検証結果', '成分', '検証結果', '成分', '検証結果', '成分', '検証結果', '成分', '検証結果', '成分', '検証結果', '成分', '検証結果', '成分', '検証結果', '成分', '検証結果', '成分', '検証結果', '成分', '検証結果', '成分', '検証結果', '成分', '検証結果', '成分', '仕上がり', '検証結果', '成分', '仕上がり', '検証結果', '成分', '検証結果', '成分', '検証結果', '成分', '検証結果', '成分', '検証結果', '成分', '検証結果', '成分', '検証結果', '成分', '検証結果', '成分', '検証結果', '成分', '検証結果', '成分', '検証結果', '成分', '検証結果', '成分', '検証結果', '成分']",114,"['シャンプー：洗浄成分の刺激の強さ', 'トリートメント：成分のバランス']",2,11,シャンプー　おすすめ
11,シャンプーおすすめ人気ランキング【2023最新】850万人が選ぶ口コミ第1位はSNSで話題の商品がランクイン！ | LIPS,182514,799,['シャンプーおすすめ人気ランキング100選【2023年最新】'],1,"['専門家が教えるシャンプーの選び方\nシャンプー', 'エイトザタラソ\nエイトザタラソ ユー CBD＆リフレッシング クレンズ 美容液シャンプー／CBD＆バランシング ダメージリペア 美容液ヘアトリートメント', 'plus eau\nメロウシャンプー/メロウトリートメント', 'YOLU\nカームナイトリペアシャンプー／トリートメント', '&honey\nCreamy EXダメージリペアシャンプー1.0/ヘアトリートメント2.0', 'オージュア\nクエンチ シャンプー', '人気急上昇中のシャンプーをチェック♡', 'KUNDAL\nプロテイントリートメント', 'fuettarich (フエッタリッチ)\nモイストアップ ジェル シャンプー/トリートメント', 'エイトザタラソ\nエイトザタラソ ユー CBD＆リラクシング バブルスパ 炭酸泡シャンプー', '&honey\n&honey Melty モイストリペア シャンプー1.0／モイストリペア ヘアトリートメント2.0', 'THERATIS\nナイトリペア シャンプー/ヘアトリートメント', 'シャンプーのおすすめブランド', '&honey\nシルキー\u3000スムースモイスチャー\u3000シャンプー\u30001.0/ヘアトリートメント\u30002.0', 'アミノメイソン\nディープモイスト ホイップクリーム シャンプー／ミルククリーム ヘアトリートメント', 'KUNDAL\nハニー&マカデミアシャンプー／トリートメント', 'AHALO BUTTER\nモイスト＆リペア シャンプー／ヘアトリートメント', '&honey\nディープモイスト シャンプー1.0／ヘアトリートメント2.0', 'シャンプーの特徴別ランキング', 'ダイアン\nエクストラナイトリペア シャンプー＆トリートメント', 'エイトザタラソ\nクレンジングリペア＆モイスト 美容液シャンプー／ディープリペア＆アクアモイスト 美容液トリートメント', 'Off&Relax\nスパ・シャンプー／ヘアトリートメント モイスチャー', 'AHALO HONEY\nアハロハニー ハイドロ＆リペア ジェントル ヘアシャンプー／トリートメント', '&Prism\nミラクル シャイン シャンプー/ヘアトリートメント', 'シャンプーの関連ランキング', 'MEDULLA\nシャンプー／リペア', 'YOLU\nサクラ リラックスナイトリペアシャンプー／トリートメント', 'Purunt.\nプルント モイストリッチ美容液シャンプー／モイストリッチリペア美容液トリートメント', 'ディアボーテ HIMAWARI\nオイルインシャンプー／コンディショナー(リッチ＆リペア)', 'アンファー(スカルプD)\nスカルプD ボーテ ナチュラスター スカルプシャンプー／トリートメントパック', 'シャンプーのおすすめブランド', 'KUNDAL\nネイチャーシャンプー', 'MOGANS\nノンシリコン アミノ酸 シャンプー/コンディショナー 衣薫（ころもかおる）', 'コタ\nアイ ケア シャンプー 5', 'ululis\nピンクミー ウォーターコンク コントロール シャンプー/ヘアトリートメント', 'FUN AZUM\nモイスト&ダメージリペア シャンプー/トリートメント', 'シャンプーの特徴別ランキング', 'SOMARCA\nカラーシャンプー／チャージ', 'オージュア\nリペアリティ シャンプー', 'FIOLE(フィヨーレ)\nクオルシア カラーシャンプー', ""Je l'aime\niP タラソリペア 補修美容液 シャンプー/トリートメント (モイスト＆スムース)"", 'ダイアン\nパーフェクトビューティ― ドライシャンプー', 'シャンプーの関連ランキング', 'ululis\nウォーターコンク モイストシャンプー/ヘアトリートメント', '&honey\nサクラ ディープモイスト シャンプー1.0/ヘアトリートメント2.0', 'ダイアン\nパーフェクトビューティ モイストダイアン エクストラダメージリペア シャンプー/トリートメント', 'いち髪\nなめらかスムースケア シャンプー／コンディショナー', 'CLAYGE\nシャンプー／トリートメント SN\u3000さらさら', 'シャンプーのおすすめブランド', 'plus eau\nカラーシャンプー ピンク', '&Prism\nSAKURA SHINE シャンプー／ヘアトリートメント', 'FLOWDIA\nシャンプー／トリートメント グランメロウ', 'スリーク by サラサロン\nバランスエフェクトシャンプー／トリートメント', 'ululis\nウォーターコンク モイスト シャンプー（桜ver.)/ヘアトリートメント(桜ver.)', 'シャンプーの特徴別ランキング', 'ululis\nウォーターコンク リペアシャンプー/ヘアトリートメント', 'haru\nkurokamiスカルプ', 'hydrotank\nダメージリペア ハイドロモイスト シャンプー／ヘアトリートメント', 'O by F\nモイストシャンプー', 'エラスチン\nパフュームシャンプー＆コンディショナー', 'シャンプーの関連ランキング', 'THERATIS\nサクラ ドリーミー モイスト トリプルセット シャンプー/ヘアパック/ヘアトリートメント', 'パンテーン\nエクストラ ダメージケア シャンプー／トリートメント in コンディショナー', ""Je l'aime\niP タラソリペア 補修美容液シャンプー/補修美容液トリートメント (ディープモイスト)"", 'YOLU\nサクラ カームナイトリペアシャンプー／トリートメント', 'ダヴィネス\nオイシャンプー／オイコンディショナー', 'スティーブンノル ニューヨーク\nモイスチュアコントロール シャンプー', 'ARGANSPA\nARGANSPA シャンプー&トリートメント', 'スティーブンノル ニューヨーク\nモイスチュアコントロール コンディショナー', 'オクト\n薬用シャンプー／リンス', 'シュワルツコフ プロフェッショナル\nグッバイ イエロー カラーシャンプー', 'シャンプーのおすすめブランド', 'エイトザタラソ\nクレンジングリペア＆スムース 美容液シャンプー／スムースリペア＆アクアセラム 美容液トリートメント', 'ダイアン\nパーフェクトビューティ モイストダイアン エクストラストレート シャンプー/トリートメント', 'メリット\nシャンプー／コンディショナー', 'エイトザタラソ\nリセットクレンジング＆ヘッドスパ 美容液プレシャンプー', 'ディアボーテ HIMAWARI\nオイルインシャンプー／コンディショナー(グロス&リペア)', 'giovanni\n2chic モイスト シャンプー／コンディショナー', 'BYKARTE\nリペアシャンプー／セラムトリートメント', 'beee8\nモイストシャイン シャンプー1.0／モイストシャイン トリートメント2.0', 'DRH+\nエイジング スカルプケア シャンプー/トリートメント', 'JILL STUART\nシャンプー／コンディショナー ホワイトフローラル', 'シャンプーのおすすめブランド', 'SIRTFL\nSIRTFL CC シャンプーモイスト/トリートメントモイスト', 'ザ・プロダクト\nドライシャンプー', 'LUX\nルミニーク ダメージリペア シャンプー／トリートメント', 'いち髪\nTHE PREMIUM エクストラダメージケアシャンプー／トリートメント（シャイニーモイスト）', 'LUX\nバスグロウ リペア&シャイン シャンプー／トリートメント', 'パンテーン\nミラクルズ カラーシャイン シャンプー／トリートメント', 'パンテーン\nパンテーン エフォートレス グッドモーニング スムース シャンプー／トリートメント', 'ISM\nSHELL PINK シャンプー／トリートメント', 'ROYD\nカラーシャンプー', 'いち髪\n濃密W保湿ケア シャンプー／コンディショナー', 'シャンプーのおすすめブランド', 'LUX\nルミニーク ボタニカルピュア シャンプー／トリートメント', 'LUX\nルミニーク バランス モイストリペア シャンプー/トリートメント', 'ma & me Latte\nマー＆ミー シャンプー／コンディショナー', ""L'OCCITANE\nファイブハーブスリペアリングシャンプー／コンディショナー"", 'LUX\nスーパーリッチシャイン ダメージリペア シャンプー／コンディショナー', 'ISM\nMOANA BLUE シャンプー／トリートメント', 'SIRTFL\nCCシャンプー/トリートメント スムース', 'エッセンシャル\nTHE BEAUTY 髪のキメ美容シャンプー／コンディショナー＜モイストリペア＞', 'ダイアンビートゥルー\nDiane Be True（ダイアンビートゥルー）/RELAX / スムース /シャンプー＆トリートメント', 'いち髪\nTHE PREMIUM エクストラダメージケアシャンプー／トリートメント（シルキースムース）', 'シャンプーのおすすめブランド', 'キュレル\nシャンプー', 'エッセンシャル\nTHE BEAUTY 髪のキメ美容シャンプー／コンディショナー＜エアリーリペア＞', 'パンテーン\nミラクルズ クリスタルスムース シャンプー／トリートメント', ""Je l'aime\nリラックス シャンプー／ヘアコンディショナー(ソフト＆モイスト)"", 'エッセンシャル flat\nエアリースムースシャンプー／トリートメント', 'THE PUBLIC ORGANIC\nスーパーポジティブ シャンプー DRS／ヘア トリートメント DRS', 'giovanni\n2chic ダメージ シャンプー/コンディショナー', 'DROAS\nシルキーシャンプー／トリートメント', 'メリット\nリンスのいらないシャンプー', 'メリット\nザマイルド', 'シャンプーのおすすめブランド', '開催中のプレゼントキャンペーン']",117,"['吉田美穂(よしだみほ)\n美容師 / apish ginZa トップスタイリスト', 'MOGANS\nノンシリコン アミノ酸 シャンプー/コンディショナー 衣薫（ころもかおる）', 'LUX\nバイオフュージョン ホワイトシャンプー/ホワイトコンディショナー', 'ピアセラボ\nフォーミュレイト イロプラス', '新着商品', '関連する記事', 'クチコミを探す', '新作コスメカレンダー', '関連するタグ', '関連する人気おすすめランキング', 'LIPSベストコスメ2022 リキッドファンデ部門2位受賞！シュウ ウエムラの素肌美ファンデ', 'サンカットから肌あれ防止ケア＆日やけによるシミ予防ができる泡の日やけ止め誕生！先行プレゼント実施！', '大人気『ウルミナプラス』の新商品を一足先に 「生つや肌おしろい乳液 イルミネイト」を先行プレゼント！', '＼ルシードエルから100名に🎁／天然保湿成分アルガンオイル配合のベタつきにくいヘアバーム新登場✨', '【新商品先行お試し❤】マット・ラメ・パール＋影色入り！質感違いのメイクが楽しめる涙袋用アイシャドウ', '2月新発売！ポイントメイクも日やけ止めで。朝塗りたての顔印象がつづくチークUVをALLIEから！']",16,[],0,[],0,12,シャンプー　おすすめ
12,メンズシャンプーおすすめランキング最新版｜べたつきもスッキリ落とす人気14選｜The Style Dictionary,15539,182,['メンズシャンプーおすすめランキング最新版｜べたつきもスッキリ落とす人気14選'],1,"['Outline', '1. メンズシャンプーと普通のシャンプーの違いとは？', '2. メンズシャンプーの選び方', '3. メンズシャンプーおすすめランキング最新版', '4. 特徴別におすすめのメンズシャンプー', '5. 汚れをしっかり落とすシャンプー方法', '6. メンズシャンプー＆ヘアケアのよくある疑問', '7. まとめ', '']",9,"['①低刺激で洗浄力の高い洗浄成分を配合', '②頭皮ケア成分を配合', '1位：スカルプD 薬用スカルプシャンプー デオドラントオイリー（アンファー）', '2位：オルビス ミスターシャンプー（オルビス）', '3位：イクオス ブラックシャンプー（キーリー）', '4位：リデン メディカルスカルプシャンプー（美元）', '5位：ドラスティカシャンプー（彩り）', '6位：ケフトルEXアミノシャンプー（セラピュア）', '7位：MARO17 コラーゲン配合シャンプー パーフェクトウォッシュ（ネイチャーラボ）', '8位：サクセス 薬用シャンプー（花王）', '4-1. 女性ウケ◎いい香りのメンズシャンプー', 'いい香りのメンズシャンプー①：\nバルクオム ザ・シャンプー（バルクオム）', 'いい香りのメンズシャンプー②：\nサクセス24 クレンジングシャンプー グリーンシトラスの香り（花王）', '4-2. スカルプケア向けメンズ育毛シャンプー', 'メンズ向けシャンプー①：\nスカルプD 薬用スカルプシャンプー ドライ（アンファー）', 'メンズ向け育毛シャンプー②：\nポリピュア スカルプシャンプー（シーエスシー）', '4-3. ダメージヘア向けメンズシャンプー', 'ダメージヘア向けメンズシャンプー①：\nボタニスト ボタニカルシャンプー ダメージケア（アイエヌイー）', 'ダメージヘア向けメンズシャンプー②：\nエイトザタラソ クレンジングリペア＆モイスト 美容液シャンプー（ステラシード）', 'シャンプー方法①：\nお湯で予洗いする', 'シャンプー方法②：\n手のひらでシャンプーを泡立てる', 'シャンプー方法③：\nもみほぐすように優しく洗う', 'シャンプー方法④：\n泡が残らないようしっかりとすすぐ', 'Q1.高価なシャンプーを使った方が良い？', 'Q2.男性もトリートメントを使うべき？', 'Q3.薄毛が気になり始めたらどうケアすればいい？', '関連キーワード', 'あなたにおすすめの記事', '人気記事ランキング', 'オススメ記事ランキング']",30,"['メンズシャンプーを選ぶポイント', '【PR】BARONY マグネットシャンプー', '検証項目', '◆メンズシャンプーおすすめランキングTOP8\n※画像クリックで紹介欄、アイテム名クリックで公式HPに飛びます。', 'スカルプD 薬用スカルプシャンプー デオドラントオイリー', 'オルビス ミスターシャンプー', 'イクオス ブラックシャンプー', 'リデン メディカルスカルプシャンプー', 'ドラスティカシャンプー', 'ケフトルEXアミノシャンプー', 'MARO17 コラーゲン配合シャンプー パーフェクトウォッシュ', 'サクセス 薬用シャンプー', 'バルクオム ザ・シャンプー', 'サクセス24 クレンジングシャンプー グリーンシトラスの香り', 'スカルプD 薬用スカルプシャンプー ドライ', 'ポリピュア スカルプシャンプー', 'ボタニスト ボタニカルシャンプー ダメージケア', 'エイトザタラソ クレンジングリペア＆モイスト 美容液シャンプー', 'メンズシャンプー＆ヘアケアのよくある疑問', '◆おすすめの育毛剤\n※全て税込価格です。', '▶育毛剤をもっと知りたい方はこちらもチェック！', '◆メンズシャンプーおすすめランキングTOP8\n※画像クリックで紹介欄、アイテム名クリックで公式HPに飛びます。', '参考文献▼']",23,[],0,13,シャンプー　おすすめ
13,シャンプーおすすめ人気ランキング50選｜市販＆サロン専売や口コミ紹介！ | マイナビおすすめナビ,44118,563,['シャンプーおすすめ人気ランキング50選｜市販＆サロン専売や口コミ紹介！'],1,"['目次', 'この記事を担当するエキスパート', 'マイナビおすすめナビ編集部', 'シャンプーの選び方', 'シャンプーの人気ブランド5社を比較！\n主要有名メーカーをご紹介！', 'シャンプーおすすめ32選｜市販\nコスパが高い！ いい匂いで話題のシャンプーも！', 'シャンプーおすすめランキング15選｜サロン専売\n美容院で使われる！ 高品質で美容師も愛用！', '番外編｜カラーシャンプーのおすすめ3選', '「シャンプー」のおすすめ商品の比較一覧表', '実際に使ってどうだった？ 口コミをチェック\n気になるシャンプーの評価は？', '通販サイトの最新人気ランキングを参考にする\nシャンプーの売れ筋をチェック', 'シャンプーに関するQ＆A', '効果的なシャンプーの仕方・洗い方', 'シャンプー後の正しい乾かし方', 'そのほかのおすすめシャンプーはこちら\n関連記事', '毎日使うシャンプー、ぴったりのものを見つけて！', 'マイナビおすすめナビについて']",17,"['【1】頭皮に合った洗浄成分（界面活性剤）を選ぶ', '【2】髪悩みを改善する配合成分を選ぶ', '【3】敏感肌なら、着色料や防腐剤が無添加の低刺激シャンプーを選ぶ', '【4】天然成分にこだわるなら「オーガニック」や「ボタニカル」を', '【5】清涼感を求めるなら、メントール成分入りシャンプーを選ぶ', '【6】シリコン配合か、ノンシリコンかで選ぶ', '【7】香りの好みや強さで選ぶ', '【8】コスパもチェック！ 続けやすい価格帯を選ぶ', 'BOTANIST（ボタニスト）', 'MILBON（ミルボン）', 'LUX（ラックス）', 'Diane（ダイアン）', 'PANTENE（パンテーン）', '1位\u3000BOTANIST（ボタニスト）『ボタニカルシャンプーモイスト』', '2位\u3000NatureLab（ネイチャーラボ）『モイストダイアン ダイアン ボヌール ダメージリペアシャンプー』', '3位\u3000mixim POTION（ミクシム ポーション）『リペアシャンプー』', 'Kracie（クラシエ）『いち髪 ナチュラルケアセレクト スムース シャンプー』', 'カラーズ『THE PUBLIC ORGANIC（ザ パブリックオーガニック） スーパー ポジティブ シャンプー』', 'Unilever（ユニリーバ）『LUX（ラックス）ルミニーク モイストチャージ シャンプー』', 'Unilever（ユニリーバ）『LUX（ラックス）プレミアム ボタニフィーク ダメージリペアシャンプー』', 'P&G（ピーアンドジー）『ハーバルエッセンス ビオリニュー モロッカンオイル シャンプー』', '&honey（アンドハニー）『ディープモイスト シャンプー1.0 ピュアローズハニーの香り』', 'Kracie（クラシエ）『ディアボーテ HIMAWARI オイルインシャンプー』', 'ALLNA ORGANIC（オルナ オーガニック ）『無添加ノンシリコン天然由来シャンプー』', '資生堂『MACHERIE（マシェリ）エアフィール シャンプー』', 'HMENZ『ノンシリコン アミノ酸系洗浄スカルプシャンプー』', 'P&G（ピーアンドジー）『PANTENE（パンテーン）エクストラダメージケア シャンプー』', 'NatureLab（ネイチャーラボ）『Diane（ダイアン）パーフェクト パーフェクト ビューティー エクストラストレート 』', 'BOTANIST（ボタニスト）『ボタニカル ダメージケアシャンプー』', 'STELLA SEED（ステラシード）『アミノメイソン ディープモイスト ホイップクリーム シャンプー』', 'Haru（ハル）『kurokami スカルプ』', 'h&s『h&s for men 薬用シャンプースカルプEX プレミアムスカルプケア』', 'Returna ORGANIC『リターナオーガニックシャンプー』', 'haru（ハル）『メンズスカルプ・プロ』', 'メゾンドュテ『リッチリペアポンプシャンプー』', 'L.O.G『by U-REALM サロンクオリティー ヘアケア シャンプー トリートメントセット』', ""KOSE（コーセー）『Je l'aime（ジュレーム）リラックス シャンプー ソフト&モイスト』"", 'AQUANOA（アクアノア）『アミノレスキュー スムース シャンプー』', 'AROMA KIFI（アロマキフィ）『 オーガニックシャンプー』', 'MARO（マーロ）『薬用デオスカルプシャンプー』', 'NatureLab（ネイチャーラボ）『Diane（ダイアン）ボヌール モイストリラックスシャンプー』', 'Toy LaBO『うるツヤオーガニックシャンプー』', 'カラーズ『ARGELAN（アルジェラン）アロマ スカルプシャンプー』', '&honey（アンドハニー）『ディープモイスト シャンプー1.0』', 'VITALISM（バイタリズム）『スカルプケアシャンプー ノンシリコン for MEN』', '1位\u3000MILBON（ミルボン）『jemile fran（ジェミールフラン）ヒートグロスシャンプー M』', '2位\u3000Lebel（ルベル）『イオ クレンジング リラックスメント シャンプー』', 'Kérastase（ケラスターゼ）『RE バン ド フォルス N』', 'MILBON（ミルボン）『オージュア QU クエンチ セラム』', 'タマリス『ラクレア オー シャンプー』', 'Schwarzkopf（シュワルツコフ）『 BCクア カラースペシフィークシャンプーa』', 'Napla（ナプラ）『N.ケアシャンプー モイスチャー』', 'Lebel（ルベル）『ナチュラルヘアソープ MG（マリーゴールド）』', 'THREE（スリー）『スキャルプ＆ヘア リファイニング シャンプー』', 'Loretta（ロレッタ）『まいにちのすっきりシャンプー』', 'ZACC（ザック）『パールリッチシャンプー』', 'チャップアップ『Bio Lucia（ビオルチア）ノンシリコンシャンプー』', 'MILBON（ミルボン）『ディーセス ノイ ドゥーエ ウィローリュクス シャンプー』', 'COTA（コタ）『アイ ケア シャンプー 9』', 'ティー・アンド・エイチ『LOVEST by air サロンクオリティーヘアケアシャンプー』', 'hoyu（ホーユー）『ソマルカ パープル』', 'Napla（ナプラ）『エヌドット カラーシャンプー Pi』', 'MILBON（ミルボン）『オルディーブ アディクシー』', 'ボタニスト『ボタニカルシャンプーモイスト』の口コミをチェック', 'ネイチャーラボ『モイストダイアン ダイアン ボヌール ダメージリペアシャンプー』の口コミをチェック', 'ミルボン『ジェミールフラン ヒートグロスシャンプー M』の口コミをチェック', 'シャンプーとコンディショナーはライン使いすべき？', 'シャンプーの頻度はどのくらいが適切？', '日によってシャンプーを使い分けると効果的\nポイント1', '洗う前に髪をブラシで整える\nポイント2', 'シャンプーの使用前に、しっかり予洗いする\nポイント3', '手で泡立ててから髪を洗う\nポイント4', '襟足、耳裏など汚れやすい部位から優しく洗う\nポイント5', 'すすぎはしっかり丁寧に\nポイント6', 'ドライヤーの前にタオルドライを\nポイント1', '自然乾燥はNG！ 必ずドライヤーで乾かして\nポイント2', '仕上げはクシで梳かしながら\nポイント3', '最後にヘアオイルやヘアミルクで保湿ケアを\nポイント4']",78,"['アミノ酸系｜髪と頭皮を優しく洗える', '石鹸系｜低刺激でサッパリとした洗い心地', '高級アルコール系｜洗浄力が高く泡立ちもいい', 'ベタイン系｜低刺激で赤ちゃんにも使える', '「パサつき」「ダメージヘア」にはセラミドなど保湿成分入り', '「ハリコシ不足」「ボリューム不足」には高分子ポリマー配合', '「くせ毛」「うねり」には保湿力の高いものを', '「白髪」「抜け毛」にはエイジングケアシャンプー', '「フケ」「かゆみ」など頭皮トラブルには薬用シャンプー', 'ノンシリコンシャンプー｜ふんわり軽やかな髪に', 'シリコンシャンプー｜まとまりやすいサラサラ髪に', '市販シャンプー｜手軽に買えるが自分の髪と頭皮に合うかは見極めて', 'サロンシャンプー｜コストはかかるが高品質で使い心地がいい', '人気のボタニスト！ 3種類の毛髪補修成分配合', '髪の傷みやうねりに！ ダメージリペアシャンプー', '生ケラチンが髪を補修、美容成分90%以上配合', '天然由来成香料100%配合、きしまないシャンプー', 'ホリスティック精油美容を取り入れたシャンプー', 'ハニーエキスが髪を浸透しうるおいチャージ！', 'べたつかず、ナチュラルに弾む髪に', '香りの持続力が高い！ 開けた瞬間からいい匂い香る', '女性から圧倒的人気を誇るピュアローズハニーの香り', 'うねりやボリュームを抑えて、扱いやすい髪に導く', 'サロン品質のアミノ酸系シャンプー', '濃密パールジュレがつややかな髪を実現', 'サロン専売品にも劣らない高品質メンズシャンプー', 'ダメージヘアーも毛先までしっとり', 'うねりがちな髪やくせ毛をさらさらストレートに', 'Wリペア処方で毛髪補修と保湿ケアができる', 'まるで美容液！ 毛先まで集中保湿してしっとり', '100％天然由来の頭皮に優しいスカルプシャンプー', 'もっちり泡で洗えるメンズスカルプシャンプー', '髪や頭皮に優しいヤシ由来のアミノ酸洗浄', '爽快感と洗浄力の高さが魅力の男性用シャンプー', '髪の内側からうるおうなめらかな泡立ち', 'ノンシリコンとオイルの「イイとこ取り」を実現！', 'シャンプーで髪質が変わる！ 悩みに合わせて選べる', '6種類のアミノ酸洗浄成分で洗うシャンプー', 'ハニーエキスが髪を浸透うるおいチャージ', '臭い・フケ・かゆみに！ 雑誌掲載もされた実力派！', 'フランス産オレンジフラワーが爽やかに香る', '新処方のプレミアムケラチンで納得のうるツヤ髪へ', '精油が香るオーガニックシャンプー', 'ヨーロッパ5か国のベストセラーシャンプー', 'オーガニックなスカルプケアシャンプー', '熱から髪を守る「ヒートグロス成分」配合', '乾燥しやすい地肌を守るアミノ酸シャンプー', '髪の保水力と保湿力を維持', 'パサつく髪をうるおい満ちた髪に仕上げる', '天然由来成分が髪内部で化粧水と乳液の役割を果たす', 'カラー後の不安定な髪を一本一本包み込む', 'シアバターで汚れを浮き上がらせ洗浄するシャンプー', '人と地球にやさしい酸性石けん系ヘアソープ', '天然由来の成分でつややかな髪へ', '地肌だって毎日しっかりスキンケア', '加水分解で髪をしなやかに', '育毛剤ブランドが開発した大人の女性のシャンプー', 'サロンカラーの美しい質感を指通りで楽しみ続ける', '広がりやすい髪を、しっとりとしたツヤのある髪へ', 'コンディションを整えるアミノ酸系成分配合', '白に近い髪色を美しく保つ', 'ヘアケアも叶えるカラーシャンプー', 'ヘアケアも叶えるカラーシャンプー', '美容・健康の人気記事', 'おすすめ情報']",65,[],0,14,シャンプー　おすすめ
